# Generated by scripts/generate_campus_collision.py
# Source materials: RoadRim
o road_rim_boundary_collision
v -124.498520 27.769890 0.000000
v -124.498520 27.769890 0.201231
v -124.611313 27.761665 0.201276
v -124.611313 27.761665 0.000000
v -94.178268 66.985046 0.000000
v -109.031067 63.600601 0.000000
v -109.030945 63.599922 0.200000
v -94.178268 66.985046 0.200000
v -86.583038 68.357712 0.000000
v -86.583038 68.357712 0.200000
v -157.529892 11.127014 0.000000
v -155.384277 10.503281 0.000000
v -155.384277 10.503281 0.200000
v -157.529892 11.127014 0.200000
v -158.265457 16.959118 0.000000
v -162.759399 19.607513 0.000000
v -162.759399 19.607513 0.200000
v -158.265457 16.959118 0.200000
v -123.415985 55.524639 0.000000
v -119.354401 61.826160 0.000000
v -119.354401 61.826160 0.200000
v -123.415985 55.524639 0.200000
v -136.239716 18.598438 0.000000
v -132.322250 26.667561 0.000000
v -132.322250 26.667561 0.201276
v -136.239716 18.598438 0.201276
v -126.854996 61.160229 0.000000
v -133.866135 59.476444 0.000000
v -133.866135 59.476444 0.200000
v -126.854996 61.160229 0.200000
v -144.010559 50.780342 0.000000
v -139.902084 48.026993 0.000000
v -139.902084 48.026993 0.200000
v -144.010559 50.780342 0.200000
v -141.310242 36.732307 0.000000
v -140.615585 37.911045 0.000000
v -140.615585 37.911045 0.200000
v -141.310242 36.732307 0.200000
v -136.475586 58.074429 0.000000
v -136.475586 58.074429 0.200000
v -151.457016 19.514034 0.000000
v -147.559601 26.127617 0.000000
v -147.559601 26.127617 0.200000
v -151.457016 19.514034 0.200000
v -138.253937 18.636997 0.000000
v -138.201859 17.989624 0.000000
v -138.201859 17.989624 0.201276
v -138.253937 18.636997 0.201276
v -131.565292 42.880978 0.000000
v -131.565292 42.880978 0.200000
v -154.195892 14.866394 0.000000
v -154.195892 14.866394 0.200000
v -119.843857 62.439114 0.000000
v -119.843857 62.439114 0.200000
v -138.912109 56.297497 0.000000
v -138.912109 56.297497 0.200000
v -136.024933 45.701031 0.000000
v -136.024933 45.701031 0.200000
v -132.344543 27.587433 0.000000
v -132.977905 27.691231 0.000000
v -132.977905 27.691231 0.201276
v -132.344543 27.587433 0.201276
v -141.562546 53.640148 0.000000
v -141.562546 53.640148 0.200000
v -163.109055 17.903568 0.000000
v -163.109055 17.903568 0.200000
v -153.137451 10.183235 0.000000
v -153.137451 10.183235 0.200000
v -162.750122 16.199642 0.000000
v -161.025284 13.434849 0.000000
v -161.025284 13.434849 0.200000
v -162.750122 16.199642 0.200000
v -137.334610 17.952553 0.000000
v -137.334610 17.952553 0.201276
v -150.247437 12.095657 0.000000
v -150.247437 12.095657 0.200000
v -159.429428 12.129093 0.000000
v -159.429428 12.129093 0.200000
v -148.526047 33.706657 0.000000
v -148.526047 33.706657 0.200000
v -133.557404 27.102043 0.000000
v -133.557404 27.102043 0.201276
v -146.939850 27.179329 0.000000
v -146.939850 27.179329 0.200000
v -94.835281 73.603500 0.200000
v -86.502930 74.979332 0.200000
v -86.517975 75.078201 0.200000
v -94.853088 73.701920 0.200000
v -94.158264 66.887039 0.200000
v -86.566757 68.259041 0.200000
v -80.653854 75.787323 0.200000
v -80.670547 75.885971 0.200000
v -108.981918 63.508530 0.200000
v -109.995789 70.625877 0.200000
v -110.014786 70.724060 0.200000
v -123.500031 55.578812 0.200000
v -131.595657 43.018429 0.200000
v -154.328918 14.837620 0.200000
v -150.424957 12.098091 0.200000
v -126.834320 61.062359 0.200000
v -119.884720 62.330021 0.200000
v -140.701721 37.961826 0.200000
v -141.396362 36.783092 0.200000
v -148.440002 33.655708 0.200000
v -139.767288 48.056992 0.200000
v -153.160950 10.287579 0.200000
v -158.229584 16.821995 0.200000
v -155.363174 10.601280 0.200000
v -157.492233 11.220196 0.200000
v -162.689590 19.450394 0.200000
v -143.861481 50.800777 0.200000
v -147.025986 27.230110 0.200000
v -159.373886 12.212852 0.200000
v -162.655914 16.237564 0.200000
v -163.006927 17.903835 0.200000
v -119.477386 61.819923 0.200000
v -136.422195 57.989601 0.200000
v -133.830200 59.382233 0.200000
v -138.846832 56.221344 0.200000
v -141.489044 53.572247 0.200000
v -147.645752 26.178391 0.200000
v -151.543167 19.564823 0.200000
v -160.949188 13.501781 0.200000
v -136.058685 45.840603 0.200000
v -137.359924 18.053722 0.201276
v -138.109268 18.085754 0.201276
v -133.476578 27.041622 0.201276
v -132.942947 27.584167 0.201276
v -132.442505 27.502155 0.201276
v -136.316513 18.669243 0.201276
v -138.151825 18.614902 0.201276
v -132.422821 26.689396 0.201276
v 25.384098 29.735645 0.000000
v 23.185478 33.240677 0.000000
v 23.185478 33.240677 0.200000
v 25.384098 29.735645 0.200000
v 20.334576 42.963856 0.000000
v 17.653248 42.379982 0.200000
v 20.334576 42.963856 0.200000
v 27.685093 36.220673 0.200000
v 29.558155 33.159237 0.000000
v 29.558155 33.159237 0.200000
v 27.685093 36.220673 0.400000
v 31.887653 31.038525 0.000000
v 31.887653 31.038525 0.200000
v 23.334526 57.729836 0.000000
v 25.741083 44.439362 0.000000
v 25.741083 44.439362 0.200000
v 23.334526 57.729836 0.200000
v 31.945707 31.120914 0.199957
v 29.636015 33.223587 0.200000
v 25.839008 44.459793 0.200000
v 23.438671 57.715916 0.199963
v 27.778732 36.259239 0.399110
v 22.964195 33.161690 0.201284
v 22.536686 35.453407 0.200000
v 22.307755 35.395149 0.200000
v 20.137604 42.778633 0.200000
v 17.688850 42.225449 0.200000
v 79.607437 46.034691 0.000000
v 80.892433 47.873417 0.000000
v 80.892433 47.873417 0.200000
v 79.607437 46.034691 0.200000
v 53.669628 34.277283 0.000000
v 53.669628 34.277283 0.200000
v 80.627533 50.791183 0.000000
v 80.627533 50.791183 0.200000
v 80.789543 47.900757 0.200000
v 79.541176 46.114449 0.200000
v 53.628342 34.368362 0.200000
v 80.528572 50.768715 0.200000
v -86.542770 68.249191 0.001419
v 49.202358 37.072937 0.201276
v 49.202358 37.072937 0.000000
v 50.631710 35.055080 0.000000
v 50.631710 35.055080 0.201276
v 88.985703 50.023666 0.201276
v 88.985703 50.023666 0.000000
v 94.338593 42.752232 0.000000
v 94.338593 42.752232 0.201276
v 15.116325 79.825714 0.201276
v 15.116325 79.825714 0.000000
v 25.569252 73.118256 0.000000
v 25.569252 73.118256 0.201276
v 3.087120 80.253632 0.201272
v 3.087120 80.253632 0.000000
v -4.609665 83.514771 0.000000
v -4.609665 83.514771 0.201276
v 7.011673 85.145401 0.201276
v 7.011673 85.145401 0.000000
v 51.631950 34.299843 0.201272
v 51.631950 34.299843 0.000000
v 53.669624 34.277287 0.201270
v 32.782234 67.391846 0.201276
v 32.782234 67.391846 0.000000
v 34.062370 67.989914 0.000000
v 34.062370 67.989914 0.201276
v 12.979370 71.295135 0.201269
v 10.644291 75.382492 0.201269
v 10.568520 75.311867 0.201289
v 12.884533 71.259476 0.201297
v 51.183041 13.860473 0.225701
v 51.183041 13.860472 0.000000
v 49.454243 13.584648 0.000000
v 49.454243 13.584647 0.201276
v -11.431892 84.707809 0.201276
v -11.431892 84.707809 0.000000
v -17.749939 84.737839 0.000000
v -17.749939 84.737839 0.201276
v -10.053215 90.723228 0.201276
v -10.053215 90.723228 0.000000
v -1.308441 88.812653 0.000000
v -1.308441 88.812653 0.201276
v -61.701340 81.421410 0.201273
v -61.701340 81.421410 0.000000
v -56.974159 83.236923 0.000000
v -56.971458 83.237961 0.201274
v -56.328308 76.759171 0.201276
v -56.330994 76.758133 0.000000
v -61.058182 74.942619 0.000000
v -61.058182 74.942619 0.201276
v -67.164619 72.597397 0.000000
v -67.167450 72.596298 0.201276
v -127.334854 67.524406 0.201272
v -127.335510 67.524544 0.000000
v -120.161697 68.688950 0.000000
v -120.161697 68.688950 0.201276
v -145.442108 58.401703 0.383746
v -145.444656 58.402428 0.000000
v -142.257629 61.418903 0.000000
v -142.254059 61.418491 0.340969
v -157.364502 40.641960 0.201269
v -157.363770 40.643250 0.000000
v -148.429245 55.183517 0.000000
v -148.427704 55.182465 0.426524
v -168.239136 23.310974 0.201276
v -168.239136 23.310974 0.000000
v -138.351257 63.932625 0.265105
v -138.353592 63.932983 0.000000
v -134.509293 65.955246 0.000000
v -134.508011 65.954956 0.201269
v -166.239120 10.050583 0.201276
v -166.239120 10.050583 0.000000
v -169.033905 15.273937 0.000000
v -169.033905 15.273937 0.201276
v -169.097031 19.327858 0.201276
v -169.097031 19.327858 0.000000
v -163.060059 7.390961 0.201272
v -163.060059 7.390961 0.000000
v -109.995789 70.625877 0.000000
v -111.086151 61.645935 0.000000
v -111.085846 61.643986 0.157267
v 82.026543 4.424450 0.201276
v 82.026787 4.422117 0.000000
v 82.136147 3.372395 0.000000
v 82.136139 3.372398 0.201276
v 101.030533 20.007301 0.201276
v 101.030533 20.007303 0.000000
v 99.372673 19.487755 0.000000
v 99.372673 19.487755 0.201276
v 87.202713 -0.078522 0.000000
v 87.202713 -0.078522 0.201276
v 96.877174 -5.929531 0.201276
v 101.802803 -9.102200 0.201276
v 101.855896 -9.017448 0.201268
v 96.930969 -5.845234 0.201268
v 145.170212 -43.984886 0.201276
v 145.170212 -43.984886 0.000000
v 152.418152 -53.497643 0.000000
v 152.418152 -53.497650 0.201276
v 145.904327 -56.856674 0.201276
v 145.904327 -56.856667 0.000000
v 139.675674 -48.851158 0.000000
v 139.675674 -48.851158 0.201276
v 154.748535 -58.264458 0.201276
v 154.748535 -58.264458 0.000000
v 156.488449 -63.368690 0.000000
v 156.488449 -63.368690 0.201276
v 148.289093 -71.276566 0.201276
v 148.289093 -71.276566 0.000000
v 148.683990 -64.016426 0.000000
v 148.683990 -64.016426 0.201276
v 155.778091 -72.829422 0.000000
v 155.778091 -72.829422 0.201276
v 147.589401 -60.267830 0.201276
v 147.589401 -60.267830 0.000000
v 152.235138 -81.709389 0.000000
v 152.235138 -81.709389 0.201276
v 140.738922 -88.091301 0.201276
v 140.738922 -88.091301 0.000000
v 145.200134 -79.340881 0.000000
v 145.200134 -79.340881 0.201276
v 76.160088 -108.100761 0.200068
v 76.160088 -108.100761 0.000000
v 80.838493 -110.856972 0.000000
v 80.838493 -110.856972 0.204599
v 69.198364 -127.999718 0.201272
v 69.198364 -127.999718 0.000000
v 102.145309 32.869659 0.201276
v 102.145309 32.869659 0.000000
v 102.824272 32.010509 0.000000
v 102.807541 32.031681 0.201276
v 96.078171 40.744385 0.201276
v 96.078171 40.744385 0.000000
v 76.620560 66.203331 0.201276
v 76.620560 66.203331 0.000000
v 87.312943 52.254017 0.000000
v 87.312943 52.254017 0.201276
v 109.050285 24.132257 0.201276
v 109.050285 24.132261 0.000000
v 142.213715 -19.754181 0.000000
v 142.213715 -19.754181 0.201276
v 136.501694 -24.010193 0.201276
v 136.501694 -24.010193 0.000000
v 104.456123 19.609940 0.000000
v 104.456123 19.609941 0.201276
v 157.851471 -38.524940 0.000000
v 157.851471 -38.524940 0.201276
v 152.139465 -42.780952 0.201269
v 152.139465 -42.780952 0.000000
v 168.545151 -45.803719 0.000000
v 168.545151 -45.803734 0.201276
v 165.932297 -52.430450 0.201276
v 165.932297 -52.430450 0.000000
v 180.636597 -48.180153 0.000000
v 180.636597 -48.180168 0.201276
v 176.779266 -54.631683 0.201276
v 176.779282 -54.631676 0.000000
v 16.932495 58.263680 0.000000
v 16.932495 58.263676 0.201269
v 14.212631 57.885292 0.201269
v 41.054817 13.160886 0.201276
v 41.054817 13.160884 0.000000
v 42.075912 14.885021 0.000000
v 42.075912 14.885021 0.201276
v 47.203407 11.631836 0.000000
v 47.203407 11.631836 0.201276
v 21.310753 -30.966866 0.201276
v 21.310753 -30.966866 0.000000
v 16.700050 -27.962616 0.000000
v 16.700047 -27.962616 0.201276
v 94.439163 -16.035522 0.201276
v 92.744171 -12.508591 0.201276
v 92.666229 -12.577263 0.201297
v 94.348648 -16.078049 0.201305
v 114.153069 -28.429001 0.201276
v 114.193947 -28.377632 0.000000
v 114.603096 -27.863586 0.000000
v 114.551506 -27.928391 0.201276
v 53.941833 85.867241 0.200000
v 53.941833 85.867241 0.000000
v 43.210541 99.972603 0.000000
v 43.210541 99.972603 0.200000
v -147.410324 6.475170 0.201276
v -147.410324 6.475170 0.000000
v -153.244797 4.000111 0.000000
v -153.244797 4.000111 0.201276
v -143.340759 10.347431 0.201276
v -143.340759 10.347431 0.000000
v -156.461655 4.365734 0.201272
v -156.461655 4.365734 0.000000
v -159.577301 5.035019 0.000000
v -159.577301 5.035019 0.201269
v -137.012589 12.134212 0.201276
v -137.012589 12.134212 0.000000
v -126.683990 31.074554 0.201276
v -126.683990 31.074554 0.000000
v 42.491783 17.539425 0.201276
v 42.491783 17.539425 0.000000
v 40.039734 19.446379 0.000000
v 40.039734 19.446377 0.201276
v 44.489895 7.167553 0.201276
v 44.489895 7.167553 0.000000
v 88.591957 11.196373 0.000000
v 88.591957 11.196377 0.201276
v 113.640190 -16.302864 0.201276
v 113.640190 -16.302864 0.000000
v 114.087860 -16.564697 0.000000
v 114.087860 -16.564697 0.201276
v 101.802803 -9.102196 0.000000
v 113.192520 -16.041031 0.000000
v 113.192520 -16.041031 0.201276
v 120.201195 -20.337273 0.201276
v 120.201065 -20.337257 0.000000
v 130.161606 -27.161942 0.000000
v 130.161606 -27.161942 0.201276
v 131.601974 -28.582932 0.201276
v 131.601974 -28.582932 0.000000
v 125.970810 -34.110001 0.201276
v 125.970810 -34.110001 0.000000
v 125.250221 -33.784149 0.000000
v 125.250221 -33.784149 0.201276
v 112.135101 -27.059414 0.201276
v 112.132469 -27.059498 0.000000
v 110.315094 -27.114079 0.000000
v 110.315094 -27.114079 0.201276
v 52.855934 -144.012543 0.201276
v 52.855934 -144.012543 0.000000
v 49.464302 -142.133667 0.000000
v 49.464302 -142.133667 0.201276
v 17.048595 -122.098198 0.201276
v 17.048603 -122.098198 0.000000
v 59.192371 -147.446167 0.201269
v 59.192371 -147.446167 0.000000
v 71.649651 -114.871910 0.190908
v 71.627487 -114.909966 0.000000
v 61.672783 -149.049255 0.201276
v 61.672783 -149.049255 0.000000
v 80.327026 -150.296448 0.000000
v 80.327026 -150.296448 0.201269
v 78.861633 -158.452911 0.201276
v 78.861633 -158.452911 0.000000
v 71.038513 -154.823181 0.000000
v 71.038513 -154.823181 0.201276
v 87.400513 -150.888184 0.000000
v 87.400513 -150.888184 0.201269
v 87.868553 -158.835999 0.201276
v 87.868553 -158.835999 0.000000
v 93.655228 -149.246002 0.201269
v 93.655228 -149.246002 0.000000
v 98.414597 -146.418152 0.000000
v 98.414597 -146.418152 0.201269
v 102.124115 -153.849243 0.201276
v 102.124115 -153.849243 0.000000
v 95.746147 -157.101868 0.000000
v 95.746147 -157.101868 0.201276
v 102.242897 -143.180115 0.000000
v 102.242897 -143.180115 0.201276
v 108.019760 -149.557556 0.201276
v 108.019760 -149.557556 0.000000
v 106.971085 -138.434967 0.201269
v 106.971085 -138.434967 0.000000
v 111.311874 -132.874451 0.000000
v 111.311874 -132.874451 0.201276
v 118.515816 -138.189117 0.201276
v 118.515823 -138.189117 0.000000
v 113.730774 -143.737549 0.000000
v 113.730774 -143.737549 0.201276
v 115.618317 -126.972923 0.000000
v 115.618324 -126.972923 0.201269
v 122.759888 -132.241577 0.201276
v 122.759888 -132.241577 0.000000
v 126.511887 -125.983253 0.201275
v 126.511887 -125.983253 0.000000
v 138.038300 -92.271324 0.201275
v 138.038300 -92.271324 0.000000
v 31.223463 19.205288 0.201276
v 31.223463 19.205288 0.000000
v 26.116365 22.302547 0.000000
v 26.116365 22.302546 0.201276
v 34.221375 17.387169 0.201269
v 34.221375 17.387171 0.000000
v 22.101122 24.737637 0.000000
v 22.101122 24.737637 0.201269
v 37.479061 15.411509 0.201269
v 37.479061 15.411509 0.000000
v 25.384096 29.735645 0.201276
v 50.192940 79.942596 0.201276
v 50.192940 79.942596 0.000000
v 53.261726 76.223969 0.000000
v 53.261726 76.223969 0.201269
v 39.453331 65.786865 0.000000
v 39.453331 65.786865 0.201276
v 51.526867 51.071850 0.201276
v 51.526867 51.071850 0.000000
v 53.816532 38.638401 0.000000
v 53.816532 38.638401 0.201276
v 48.016598 56.841866 0.201276
v 48.016598 56.841866 0.000000
v 49.465012 55.087429 0.000000
v 49.465012 55.087429 0.201276
v 50.666794 53.067436 0.201276
v 50.666794 53.067436 0.000000
v 121.796570 -37.218872 0.201269
v 121.796570 -37.218872 0.000000
v 114.858185 -31.921631 0.000000
v 114.858185 -31.921631 0.201276
v 112.630806 -30.341576 0.000000
v 112.630806 -30.341576 0.201276
v 124.500961 -34.104721 0.201274
v 124.500961 -34.104721 0.000000
v 147.319946 -91.275482 0.000000
v 147.319946 -91.275482 0.201269
v -26.948746 89.724892 0.201276
v -26.948746 89.724892 0.000000
v -18.393097 91.216644 0.000000
v -18.393097 91.216644 0.201276
v -18.526108 83.886902 0.201276
v -18.526108 83.886902 0.000000
v -18.612305 82.838287 0.000000
v -18.612305 82.838287 0.201276
v -24.745193 82.687897 0.201276
v -24.745193 82.687897 0.000000
v -26.305588 83.246094 0.000000
v -26.305588 83.246094 0.201276
v -11.612583 72.950897 0.000000
v -11.612583 72.950897 0.201276
v -16.585983 70.778656 0.201276
v -16.585983 70.778656 0.000000
v -24.070953 81.886536 0.000000
v -24.070953 81.886536 0.201276
v -9.858398 71.110474 0.184695
v -9.858398 71.110474 0.000000
v -7.197678 69.546997 0.000000
v -7.197678 69.546997 0.201276
v -16.241875 69.160233 0.184695
v -16.241875 69.160233 0.000000
v -5.725288 63.388828 0.200631
v -5.725288 63.388828 -0.000645
v -14.307274 61.631809 -0.000094
v -14.320747 61.629051 0.201183
v 2.864548 71.557404 0.201276
v 2.864548 71.557404 0.000000
v 4.327156 65.448044 0.000000
v 4.327156 65.448044 0.201276
v -20.041443 62.422646 0.201276
v -20.041443 62.422646 0.000000
v -20.759430 66.545532 0.000000
v -20.759430 66.545532 0.201269
v -16.804298 67.264854 0.000000
v -16.804298 67.264854 0.201276
v -117.863922 52.493713 0.201269
v -117.863846 52.493290 0.000000
v -129.039703 34.839874 0.000000
v -129.039703 34.839874 0.201276
v -111.409836 59.978298 0.179268
v -111.409561 59.978790 0.000000
v -110.872269 58.742004 0.000000
v -110.873123 58.742973 0.201269
v -116.229507 52.762745 0.201269
v -116.229095 52.762131 0.000000
v -93.458740 42.508957 0.201276
v -93.458740 42.508957 0.000000
v -98.308289 36.154007 0.000000
v -98.308289 36.154007 0.201276
v -115.311615 52.026836 0.000000
v -115.312332 52.027634 0.201269
v -118.771408 46.687508 0.202540
v -118.770538 46.686874 0.000000
v 55.836502 20.605133 0.224692
v 55.836502 20.605131 0.000000
v 56.577648 18.287354 0.000000
v 56.577648 18.287352 0.241621
v 85.180756 37.714561 0.144725
v 85.180748 37.714561 0.000000
v 58.102901 25.183550 0.000000
v 58.102901 25.183550 0.187614
v 95.662262 26.844261 0.159465
v 95.662262 26.844259 0.000000
v 96.629471 28.494896 0.000000
v 96.629471 28.494896 0.122214
v 82.859695 17.107883 0.204682
v 82.859695 17.107883 0.000000
v 94.481560 25.730255 0.000000
v 94.481560 25.730255 0.200105
v 73.412544 10.478062 0.224755
v 73.412537 10.478065 0.000000
v 55.791443 21.845575 0.000000
v 55.791443 21.845575 0.187614
v 69.164093 10.445351 0.000000
v 69.164093 10.445347 0.230865
v 86.869339 37.975189 0.161009
v 86.869339 37.975189 0.000000
v 36.743607 46.349670 0.200000
v 36.743607 46.349670 0.000000
v 41.582813 47.176880 0.000000
v 41.582813 47.176880 0.200000
v 37.738926 27.924335 0.200000
v 37.738922 27.924332 0.000000
v 39.701904 27.314064 0.000000
v 39.701908 27.314070 0.218623
v 41.487457 27.687265 0.207860
v 41.487457 27.687267 0.000000
v 43.069080 28.823067 0.000000
v 43.069080 28.823065 0.165378
v 28.522861 60.913933 0.200000
v 28.522861 60.913933 0.000000
v 26.954983 60.842663 0.000000
v 26.954983 60.842663 0.200000
v 41.343658 48.305817 0.200000
v 41.343658 48.305817 0.000000
v 40.860424 49.556793 0.000000
v 40.860424 49.556793 0.200000
v 43.056648 32.626297 0.165378
v 43.056648 32.626289 0.000000
v 39.056705 32.297909 0.000000
v 39.056709 32.297920 0.200000
v 43.364716 29.971828 0.165378
v 43.364712 29.971827 0.000000
v 43.254791 31.096247 0.000000
v 43.254795 31.096251 0.165378
v 39.851639 51.047142 0.200000
v 39.851635 51.047134 0.000000
v 29.648716 60.338432 0.000000
v 29.648724 60.338444 0.200000
v 29.085793 60.626190 0.200000
v 29.085789 60.626183 0.000000
v 107.410759 -23.959953 0.200000
v 107.410759 -23.959953 0.000000
v 108.293518 -23.778362 0.000000
v 108.293518 -23.778362 0.200000
v 102.789642 -22.312523 0.200000
v 102.789627 -22.312515 0.000000
v 105.932449 -24.053680 0.000000
v 105.932457 -24.053677 0.200000
v 97.177582 -16.536659 0.200000
v 97.177582 -16.536659 0.000000
v 99.033249 -20.130455 0.000000
v 99.033249 -20.130455 0.200000
v 98.071007 -15.420765 0.200000
v 98.071007 -15.420765 0.000000
v 97.443504 -15.605988 0.000000
v 97.443512 -15.605991 0.200000
v 109.535553 -23.425251 0.200000
v 109.535553 -23.425251 0.000000
v 109.777283 -23.206387 0.000000
v 109.777283 -23.206387 0.200000
v 106.528015 -24.141541 0.000000
v 106.528015 -24.141541 0.200000
v 99.326401 -20.393837 0.000000
v 99.326401 -20.393837 0.200000
v 109.568756 -22.423557 0.200000
v 109.568756 -22.423557 0.000000
v 97.159172 -16.009830 0.200000
v 97.159172 -16.009827 0.000000
v 109.841187 -22.830429 0.200000
v 109.841187 -22.830429 0.000000
v 96.236710 30.217379 0.200000
v 96.236710 30.217377 0.000000
v 90.781616 37.052910 0.000000
v 90.781616 37.052910 0.204772
v 71.973030 9.850998 0.000000
v 71.973030 9.851000 0.218782
v 82.516922 5.742237 0.201276
v 82.517609 5.742847 0.000000
v 52.752422 13.352581 0.231842
v 52.752419 13.352581 0.000000
v 24.163151 59.468384 0.200000
v 25.434685 60.408203 0.200000
v 25.434685 60.408203 0.000000
v 24.163151 59.468384 0.000000
v 30.803444 68.045792 0.201276
v 30.803444 68.045792 0.000000
v 31.737263 67.550659 0.000000
v 31.737263 67.550659 0.201276
v 10.644291 75.382492 0.000000
v -44.120857 80.139847 0.000000
v -44.121078 80.139809 0.201276
v -80.653854 75.787323 0.000000
v -74.166611 77.115768 0.000000
v -74.167404 77.115463 0.201271
v -67.807770 79.076195 0.000000
v -67.810600 79.075096 0.201271
v -73.523430 70.636971 0.000000
v -73.524261 70.636658 0.201276
v -81.023880 69.161942 0.000000
v -81.023849 69.161949 0.200000
v -50.923340 85.177773 0.000000
v -50.922630 85.178070 0.201275
v -44.764008 86.618637 0.000000
v -44.764236 86.618599 0.201276
v -50.280197 78.698975 0.000000
v -50.279465 78.699280 0.201276
v 114.404999 -27.158966 0.201275
v 114.415321 -27.148788 0.000000
v 113.949844 -27.004917 0.000000
v 113.955116 -27.004753 0.201276
v 114.641525 -27.635796 0.000000
v 114.611549 -27.647682 0.201276
v 114.585556 -27.343262 0.201275
v 114.602966 -27.328945 0.000000
v -130.684418 13.920994 0.201276
v -130.684418 13.920994 0.000000
v 89.013191 38.064079 0.000000
v 89.013191 38.064079 0.184945
v 108.085327 -149.633514 0.201237
v 113.804405 -143.805298 0.201235
v 114.139732 -16.479195 0.201268
v 113.690674 -16.216545 0.201269
v 106.895981 -138.368652 0.200000
v 102.175079 -143.106537 0.200000
v -11.442772 84.607864 0.201264
v -4.638351 83.418648 0.201272
v 122.843605 -132.296417 0.201233
v 126.596176 -126.037148 0.201232
v -10.039509 90.822594 0.201286
v -18.398811 91.317169 0.201294
v 140.652145 -88.041321 0.200000
v 137.951996 -92.220627 0.200000
v -127.353546 67.622681 0.201296
v -134.542618 66.049759 0.201299
v -138.401703 64.019073 0.265139
v 26.064510 22.217041 0.201283
v 31.171608 19.119785 0.201283
v -145.513199 58.472095 0.383786
v -148.507751 55.243229 0.426566
v 34.169518 17.301666 0.201277
v -157.449448 40.694717 0.201312
v 21.960629 24.705893 0.200000
v -168.333191 23.349228 0.201319
v 37.510986 15.275192 0.201235
v -142.316025 61.497520 0.341006
v 156.589691 -63.355782 0.201237
v 154.841141 -58.226219 0.201244
v 25.265268 29.736889 0.201323
v -169.133514 15.248138 0.201311
v -166.318161 9.986320 0.201297
v 145.819168 -56.910072 0.200000
v 147.495865 -60.304276 0.200000
v 40.065208 19.299887 0.201242
v -169.197189 19.337730 0.201317
v 53.405281 76.207123 0.201209
v 50.209660 80.079453 0.201291
v -163.120285 7.310997 0.201284
v -159.617264 4.941330 0.201270
v 34.010925 68.076256 0.201310
v -120.179077 68.787437 0.201298
v 39.603271 65.774849 0.201213
v -110.982666 61.604141 0.157219
v 53.930538 38.571480 0.201219
v 51.623169 51.101059 0.201242
v 48.091373 56.908363 0.201256
v 101.047096 19.906960 0.201253
v 104.406296 19.510897 0.201280
v -18.509720 82.865631 0.201239
v -18.429245 83.844711 0.201230
v 50.756058 53.112980 0.201247
v 49.547024 55.145164 0.201252
v 87.256721 0.005684 0.201267
v 82.230797 3.428921 0.201247
v -26.314415 83.143044 0.201263
v -24.804321 82.602844 0.201286
v 114.798889 -32.002178 0.201286
v 121.810509 -37.355331 0.200000
v 95.998711 -5.382477 0.000000
v 95.999039 -5.382668 0.201276
v 112.486748 -30.361988 0.201330
v 152.503662 -53.444878 0.201250
v 145.247589 -43.921448 0.201255
v 124.505867 -34.251587 0.200000
v 139.599442 -48.916039 0.200000
v 147.407394 -91.324089 0.201226
v 152.326263 -81.750877 0.201232
v 148.190094 -71.255447 0.200000
v 145.108643 -79.300171 0.200000
v 148.583206 -64.028053 0.200000
v -7.179882 69.652519 0.201286
v -9.795670 71.189590 0.184683
v -26.965919 89.823402 0.201298
v 155.876663 -72.852219 0.201232
v -16.680031 70.740135 0.201307
v -16.344978 69.164299 0.184737
v -17.705986 84.637627 0.201242
v -24.151291 81.826683 0.201298
v -11.534256 73.013664 0.201255
v 80.977539 -110.821251 0.204549
v 76.123886 -107.964897 0.200105
v 69.224701 -128.148590 0.201225
v -16.882668 67.352234 0.201321
v -74.192230 77.212448 0.201296
v 3.042309 80.163734 0.201276
v -14.301346 61.530403 0.197596
v -5.705223 63.290863 0.200607
v 15.172173 79.908676 0.201266
v 7.059605 85.233551 0.201270
v 12.979679 71.294586 0.000000
v 4.448589 65.370323 0.201214
v 2.939381 71.674332 0.201265
v 102.886002 32.093681 0.201254
v 102.224152 32.931179 0.201254
v 96.157745 40.804943 0.201253
v 87.392624 52.314434 0.201253
v 76.684860 66.283821 0.201263
v 142.292053 -19.691986 0.201254
v 109.129410 24.193411 0.201254
v -20.875031 66.626144 0.201329
v -126.599213 31.127594 0.201250
v 136.423706 -24.072800 0.201297
v 120.259918 -20.262444 0.201269
v -1.277290 88.908203 0.201278
v -128.921585 34.839554 0.201228
v -117.815521 52.383221 0.201232
v 157.919327 -38.450157 0.201260
v -110.789642 58.971897 0.198367
v -111.316498 60.072845 0.177793
v 152.071167 -42.855232 0.201285
v -116.306808 52.675217 0.201252
v 168.584503 -45.709549 0.201275
v 165.892029 -52.524315 0.201277
v 110.317619 -27.214046 0.201258
v 112.128769 -27.159649 0.201262
v -99.955109 34.058174 0.202547
v -99.955109 34.058174 0.000000
v 49.507385 13.498364 0.201240
v 51.183666 13.752635 0.225684
v 180.795380 -48.109459 0.201223
v 114.458633 -27.884502 0.201320
v 114.049576 -28.398453 0.201322
v -143.289780 10.257923 0.201241
v -136.985428 12.037979 0.201249
v 176.828766 -54.743767 0.201238
v 41.980087 14.919463 0.201320
v 40.957420 13.192673 0.201320
v 47.280743 11.566542 0.201234
v -67.843292 79.169662 0.201299
v 16.565178 -27.994102 0.201325
v 21.342609 -31.106979 0.201240
v 114.350151 -27.245880 0.201283
v 114.488968 -27.387573 0.201307
v 94.439163 -16.035526 0.000000
v 92.745888 -12.512161 0.000000
v 43.065258 99.998413 0.200000
v 53.810020 85.875351 0.200000
v -73.499435 70.539673 0.201250
v -67.134750 72.501740 0.201247
v 89.065392 50.084072 0.201253
v 114.510643 -27.641342 0.201317
v 94.418259 42.812679 0.201253
v -81.007217 69.063286 0.200000
v -153.229965 3.897781 0.201253
v -147.354538 6.390205 0.201239
v -156.477844 4.266930 0.201263
v -130.611816 13.837589 0.201233
v -61.737198 81.514763 0.201302
v 42.383865 17.496672 0.201312
v 44.562462 7.094419 0.201235
v 88.655937 11.119427 0.201237
v 99.421303 19.398998 0.201242
v -61.022324 74.849266 0.201246
v 31.769091 67.646973 0.201278
v 30.860092 68.128944 0.201266
v -50.949326 85.274529 0.201301
v -57.004684 83.332321 0.201302
v 53.648972 34.377522 0.201294
v 51.665955 34.399471 0.201275
v 32.767334 67.495255 0.201298
v 113.939911 -27.105263 0.201265
v 96.874420 -5.927761 0.000000
v -44.784225 86.716614 0.201299
v 25.630363 73.197586 0.201264
v 113.243782 -15.955166 0.201269
v -50.252762 78.602829 0.201249
v -44.101089 80.041779 0.201252
v 130.228592 -27.087097 0.201261
v 131.670547 -28.509487 0.201260
v 125.252762 -33.933746 0.200000
v 125.969193 -34.255127 0.200000
v -56.295090 76.664810 0.201247
v 82.128433 4.411518 0.201232
v 82.602058 5.684278 0.201232
v 49.413750 -142.219971 0.201282
v 52.807877 -144.100250 0.201281
v 59.141335 -147.532257 0.201276
v 71.565620 -114.818108 0.209124
v 61.619396 -149.133820 0.201283
v 80.349564 -150.197998 0.200000
v 70.991066 -154.911407 0.201280
v 78.837555 -158.552002 0.201269
v 87.391739 -150.787109 0.200000
v 87.877319 -158.936462 0.201256
v 98.356361 -146.336456 0.200000
v 93.616234 -149.152863 0.200000
v 95.780167 -157.196777 0.201247
v 102.176582 -153.934723 0.201241
v 50.704346 35.125542 0.201258
v 49.361465 37.021320 0.201203
v 111.232040 -132.814178 0.200000
v 118.594551 -138.250946 0.201234
v 15.027962 66.140320 0.000000
v 15.028065 66.139893 0.201269
v 115.535866 -126.916298 0.200000
v 52.564789 13.300664 0.231846
v 73.364883 10.566380 0.224476
v 71.961044 9.954851 0.218462
v 69.201981 10.540077 0.230583
v 56.656452 18.355278 0.241429
v 96.148712 30.168123 0.200133
v 96.521225 28.496246 0.122189
v 85.213242 37.619228 0.145022
v 86.891365 37.877640 0.161311
v 82.804359 17.191179 0.204416
v 94.417686 25.807789 0.199856
v 55.935707 20.628792 0.224639
v 55.892784 21.810505 0.187741
v 89.008392 37.962086 0.185256
v 95.580399 26.903732 0.159268
v 90.722527 36.964809 0.205030
v 58.165428 25.102646 0.187873
v 43.155422 31.084963 0.165419
v 43.263474 29.979662 0.165415
v 41.446304 27.780825 0.207853
v 39.706833 27.417259 0.218596
v 25.479568 60.317028 0.200005
v 26.971212 60.743298 0.200018
v 42.981277 28.883125 0.165397
v 28.500935 60.812836 0.200033
v 29.040277 60.537148 0.200039
v 37.777599 28.017033 0.199962
v 24.242676 59.402813 0.199985
v 39.775501 50.981224 0.200045
v 40.771236 49.510155 0.200046
v 41.247490 48.277252 0.200044
v 36.628792 46.431496 0.200024
v 38.973011 32.190712 0.200059
v 42.969734 32.518822 0.165438
v 29.591290 60.255493 0.200042
v 41.463425 47.257923 0.200026
v 99.113708 -20.068302 0.200000
v 97.276733 -16.510727 0.200000
v 98.056831 -15.529213 0.200000
v 109.497910 -22.497505 0.200000
v 97.260284 -16.039921 0.200000
v 97.505226 -15.692039 0.200000
v 109.739342 -22.858067 0.200000
v 109.666649 -23.150810 0.200000
v 106.546089 -24.042046 0.200000
v 105.974510 -23.962376 0.200000
v 109.455032 -23.346672 0.200000
v 108.243118 -23.676796 0.200000
v 102.839966 -22.226097 0.200000
v 99.385849 -20.312817 0.200000
v 107.394600 -23.859417 0.200000
v 133.244415 -114.753410 0.201273
v 128.699097 -122.334999 0.201274
v 128.783707 -122.388344 0.201231
v 133.329742 -114.805595 0.201230
v 133.244415 -114.753410 0.000000
v 128.699097 -122.334999 0.000000
v 119.230164 -121.382545 0.001270
v 119.230164 -121.382545 0.201270
v 119.143883 -121.331795 0.200000
v -107.990341 62.167294 0.201269
v -107.989487 62.166325 0.000000
v -90.412582 46.543873 0.000000
v -90.412582 46.543873 0.201276
v -90.271942 46.559521 0.201269
v -107.992355 62.308628 0.201263
v -93.379944 42.447369 0.201275
v -99.912048 33.923473 0.202553
v -98.229568 36.092316 0.201275
v -115.515350 51.963058 0.201271
v -118.909637 46.657631 0.202546
v 46.161518 9.917717 0.201276
v 46.237026 9.849411 0.201234
v 40.556190 12.318947 0.201276
v 40.458031 12.349440 0.201320
v 46.161518 9.917717 0.000000
v 40.556190 12.318947 0.000000
v 144.679581 -95.679588 0.201270
v 144.679581 -95.679588 0.000000
v 144.766632 -95.728859 0.201227
v 121.929390 -117.204659 0.201271
v 126.342148 -110.374611 0.201272
v 126.257858 -110.320824 0.200000
v 121.848969 -117.144890 0.200000
v 126.342148 -110.374611 0.000000
v 16.747421 58.441967 0.201305
v 14.636765 67.445435 0.000000
v 14.636772 67.445282 0.206357
v 13.763073 69.713127 0.000000
v 13.762928 69.713348 0.201269
v 14.924694 66.099808 0.201302
v 14.537949 67.407288 0.206389
v 13.667233 69.676956 0.201299
v -16.086304 63.141960 0.201276
v -16.086304 63.141960 0.001276
v -20.041451 62.422642 0.001276
v -20.107445 62.326340 0.201276
v -15.757462 61.232208 0.200005
v -16.167374 63.025578 0.201276
v -15.840271 61.215233 0.197057
v 92.039757 -11.705559 0.000000
v 92.038895 -11.705025 0.201276
v 96.052048 -5.297859 0.201268
v 92.076508 -11.911636 0.201295
v 95.383484 -18.245247 0.201273
v 95.392281 -18.265816 0.000000
v 95.308090 -18.323338 0.200000
v 63.702526 0.170763 0.201276
v 63.702526 0.170765 0.000000
v 49.878727 8.857891 0.000000
v 49.878727 8.857891 0.231842
v 74.919922 -6.838299 0.201269
v 74.919922 -6.838303 0.000000
v 80.930771 -10.593548 0.201276
v 80.930779 -10.593552 0.000000
v 89.376541 -15.865250 0.201276
v 80.876328 -10.677471 0.201284
v 89.427551 -16.055752 0.200686
v 89.377403 -15.865772 0.000000
v 49.704407 8.793043 0.231846
v 63.649811 0.085785 0.201283
v 74.864983 -6.921886 0.201278
v 107.431854 -27.199383 0.201629
v 107.425133 -27.299541 0.200154
v 107.431854 -27.199383 0.000000
v 181.617828 -48.373009 0.001276
v 181.617828 -48.373009 0.201276
v 64.602478 -125.462578 0.200846
v 65.155006 -124.632576 0.200809
v 65.098373 -124.531532 0.200848
v 64.544815 -125.363304 0.200885
v 64.602478 -125.462578 0.000000
v 65.155006 -124.632576 0.000000
v 72.544739 -126.594994 0.000000
v 72.544739 -126.594994 0.201272
v 79.002327 -129.746643 0.201272
v 79.002327 -129.746643 0.000000
v 76.526825 -117.762016 0.000000
v 76.548981 -117.723946 0.191932
v 76.690453 -117.687309 0.209592
v 83.628716 -121.698891 0.191932
v 83.606560 -121.736961 0.000000
v 77.483086 -118.248405 0.191932
v 77.460930 -118.286476 0.000000
v 83.771942 -121.669212 0.193325
v 77.524414 -118.136513 0.208483
v 70.497589 -126.858238 0.201272
v 70.517647 -127.017387 0.201225
v 70.497589 -126.858238 0.000000
v 72.500877 -126.684868 0.201272
v 79.051025 -129.963257 0.201366
v 29.938255 -130.065155 0.164489
v 16.945263 -122.151894 0.201308
v 29.855915 -130.131836 0.165008
v 29.939869 -130.065521 0.000000
v 70.382843 64.256950 0.200000
v 60.138153 77.722717 0.200000
v 60.014107 77.720612 0.200000
v 70.271652 64.237946 0.200000
v 59.461079 88.589630 0.201276
v 65.928169 80.152649 0.201276
v 65.977097 80.253204 0.201272
v 59.500694 88.702332 0.201278
v 70.382843 64.256950 0.000000
v 60.138153 77.722717 0.000000
v 59.461079 88.589630 0.000000
v 65.928169 80.152649 0.000000
v 48.260826 103.201523 0.201276
v 48.260826 103.201523 0.000000
v 48.284325 103.335243 0.201288
v 36.266258 108.810791 0.200000
v 36.183224 108.757362 0.200000
v 36.266258 108.810791 0.000000
v 41.395821 112.102425 0.201288
v 41.316544 112.039696 0.201276
v 41.316544 112.039696 0.000000
v 22.536686 35.453407 0.000000
v 27.325266 37.741920 0.000000
v 27.325266 37.741920 0.200000
v 27.422581 37.764938 0.200000
v 107.378525 -27.279121 0.005084
v -130.611816 13.837593 0.000000
v -16.084206 63.141998 0.000000
v 121.933861 -117.197762 0.000000
v 119.143883 -121.331795 0.000000
v 121.848969 -117.144890 0.000000
vn 0.072728 -0.997352 0.000000
vn 0.032797 -0.445892 0.894486
vn -0.250245 -0.900152 0.356516
vn -0.619160 -0.785265 0.000000
vn -0.207458 0.978243 0.001149
vn -0.472564 0.881290 0.003280
vn -0.377069 0.690601 0.617163
vn -0.136230 0.693778 0.707187
vn 0.243657 0.969862 0.000000
vn 0.558382 0.479271 0.677133
vn -0.343190 -0.939266 0.000000
vn -0.187478 -0.982269 0.000000
vn -0.165012 -0.686775 0.707892
vn -0.286401 -0.644743 0.708718
vn 0.067679 0.997707 0.000000
vn -0.754241 0.656598 0.000000
vn 0.010058 0.539835 0.841711
vn -0.326646 0.499378 0.802448
vn 0.840535 -0.541758 0.000000
vn 0.959437 0.281923 0.000000
vn 0.630064 -0.117576 0.767590
vn 0.594348 -0.383080 0.707107
vn 0.799279 -0.600961 0.000000
vn 0.991149 -0.132752 0.000000
vn 0.668013 -0.202692 0.716013
vn 0.460157 -0.518665 0.720585
vn -0.215568 0.976489 0.000000
vn -0.396280 0.918130 0.000000
vn -0.222454 0.668452 0.709708
vn -0.139657 0.693056 0.707227
vn -0.879975 -0.475020 0.000000
vn -0.996100 0.088234 0.000000
vn -0.522924 -0.304061 0.796302
vn -0.564391 0.127739 0.815564
vn 0.861527 -0.507712 0.000000
vn 0.861530 -0.507707 0.000000
vn 0.609192 -0.359006 0.707107
vn 0.609193 -0.359004 0.707107
vn -0.551741 0.834015 0.000000
vn -0.362376 0.606332 0.707845
vn 0.861531 -0.507704 0.000000
vn 0.861538 -0.507693 0.000000
vn 0.609197 -0.358997 0.707107
vn 0.609195 -0.359001 0.707107
vn -0.993649 0.112522 0.000000
vn -0.461838 -0.886964 0.000000
vn -0.534921 -0.304586 0.788091
vn -0.659530 0.213813 0.720628
vn 0.511014 -0.859572 0.000000
vn -0.060962 -0.595829 0.800794
vn 0.996350 -0.085365 0.000000
vn 0.531305 0.298491 0.792854
vn 0.160922 0.986967 0.000000
vn 0.347000 0.559785 0.752484
vn -0.670255 0.742131 0.000000
vn -0.445258 0.548071 0.708070
vn -0.093931 -0.995579 0.000000
vn 0.319101 -0.499508 0.805398
vn 0.552163 0.833736 0.000000
vn -0.467671 0.883902 0.000000
vn -0.096453 0.662403 0.742912
vn 0.562859 0.269637 0.781336
vn -0.742943 0.669355 0.000000
vn -0.512991 0.486331 0.707334
vn -0.997423 -0.071747 0.000000
vn -0.698889 0.046606 0.713710
vn 0.340547 -0.940228 0.000000
vn 0.065455 -0.682663 0.727796
vn -0.904072 -0.427380 0.000000
vn -0.713446 -0.700711 0.000000
vn -0.552483 -0.434506 0.711314
vn -0.665763 -0.223438 0.711923
vn 0.336777 -0.941584 0.000000
vn 0.101459 -0.686390 0.720121
vn 0.904229 0.427048 0.000000
vn 0.473933 -0.239866 0.847262
vn -0.524483 -0.851421 0.000000
vn -0.409407 -0.574591 0.708683
vn -0.861875 0.507121 0.000000
vn -0.607592 0.361690 0.707116
vn -0.827319 0.561732 0.000000
vn -0.544396 0.446718 0.709983
vn 0.861535 -0.507699 0.000000
vn 0.609199 -0.358993 0.707107
vn 0.000000 0.000000 1.000000
vn 0.000000 0.000000 1.000000
vn 0.000000 0.000000 1.000000
vn 0.000000 0.000000 1.000000
vn 0.000000 0.000000 1.000000
vn 0.658026 0.108576 0.745126
vn 0.111198 -0.543581 0.831959
vn -0.000064 -0.000011 1.000000
vn -0.004718 -0.002531 0.999986
vn 0.059225 -0.310632 0.948683
vn 0.000095 -0.000057 1.000000
vn 0.000000 0.000000 1.000000
vn 0.000000 0.000000 1.000000
vn 0.000000 0.000000 1.000000
vn 0.000000 0.000000 1.000000
vn 0.000000 0.000000 1.000000
vn 0.000000 0.000000 1.000000
vn 0.000000 0.000000 1.000000
vn 0.000000 0.000000 1.000000
vn 0.000000 0.000000 1.000000
vn 0.000000 0.000000 1.000000
vn 0.000000 0.000000 1.000000
vn 0.000000 0.000000 1.000000
vn 0.000000 0.000000 1.000000
vn 0.000000 0.000000 1.000000
vn 0.000000 0.000000 1.000000
vn 0.000000 0.000000 1.000000
vn 0.000000 0.000000 1.000000
vn 0.000000 0.000000 1.000000
vn 0.000000 0.000000 1.000000
vn 0.000000 0.000000 1.000000
vn 0.000000 0.000000 1.000000
vn 0.000000 0.000000 1.000000
vn 0.000000 0.000000 1.000000
vn 0.000000 0.000000 1.000000
vn 0.000000 0.000000 1.000000
vn 0.000000 0.000000 1.000000
vn 0.000000 0.000000 1.000000
vn 0.000000 0.000000 1.000000
vn 0.000000 0.000000 1.000000
vn 0.000000 0.000000 1.000000
vn 0.000000 0.000000 1.000000
vn 0.000000 0.000000 1.000000
vn 0.000000 0.000000 1.000000
vn 0.000000 0.000000 1.000000
vn 0.000000 0.000000 1.000000
vn 0.000000 0.000000 1.000000
vn 0.000000 0.000000 1.000000
vn 0.999945 -0.010473 0.000002
vn 0.929910 0.367788 0.000000
vn 0.630621 0.319638 0.707211
vn 0.602961 0.378223 0.702414
vn 0.510347 0.859969 0.000000
vn -0.095153 0.436973 0.894427
vn 0.451523 0.407438 0.793801
vn -0.903099 -0.429432 0.000000
vn -0.739709 -0.672927 0.000000
vn -0.555122 -0.432673 0.710375
vn -0.662558 -0.227415 0.713652
vn -0.575982 -0.817462 0.000000
vn -0.514343 -0.729981 0.450089
vn -0.991193 0.132428 0.000000
vn -0.977071 -0.212915 0.000000
vn -0.693343 -0.138270 0.707218
vn -0.425759 0.056871 0.903048
vn 0.000170 0.000256 1.000000
vn 0.021653 -0.030344 0.999305
vn 0.000121 0.000023 1.000000
vn 0.000348 -0.000051 1.000000
vn -0.013585 0.066042 0.997724
vn 0.003264 0.001743 0.999993
vn 0.679126 0.199261 0.706458
vn -0.000045 0.000178 1.000000
vn 0.000000 0.000000 1.000000
vn 0.000000 0.000000 1.000000
vn 0.706375 -0.707838 0.000000
vn 0.990420 -0.138091 0.000000
vn 0.638053 -0.255498 0.726367
vn 0.393993 -0.573351 0.718358
vn 0.205779 -0.978599 0.000005
vn 0.184635 -0.407320 0.894427
vn 0.932162 0.362042 0.000000
vn 0.734879 0.285419 0.615215
vn 0.000000 0.000000 1.000000
vn 0.000000 0.000000 1.000000
vn 0.000000 0.000000 1.000000
vn 0.000000 0.000000 1.000000
vn 0.964970 0.256410 0.055552
vn -0.994415 -0.105538 0.000000
vn -0.742482 0.669866 0.000000
vn -0.752773 -0.658281 0.000000
vn -0.478874 -0.515120 0.710866
vn -0.568131 -0.420842 0.707191
vn -0.801781 -0.597618 0.000000
vn -0.789364 -0.613926 0.000000
vn -0.546228 -0.448520 0.707436
vn -0.383904 -0.593766 0.707149
vn -0.545845 -0.837886 0.000000
vn -0.594633 -0.803998 0.000000
vn -0.456333 -0.538048 0.708706
vn 0.312120 0.633204 0.708261
vn 0.492842 0.870119 0.000000
vn 0.319342 0.947640 0.000000
vn 0.173653 0.683322 0.709166
vn -0.354265 -0.610683 0.708211
vn -0.453177 -0.891421 0.000000
vn -0.150550 -0.674311 0.722938
vn -0.424242 -0.905549 0.000000
vn -0.007827 -0.707141 0.707029
vn 0.167295 -0.672879 0.720588
vn 0.042541 -0.999095 0.000000
vn 0.482794 -0.875734 0.000000
vn 0.381324 -0.593710 0.708591
vn 0.526715 0.287293 0.800021
vn 0.465962 0.519726 0.716075
vn 0.000174 0.000136 1.000000
vn 0.000245 0.000132 1.000000
vn -0.009205 0.697205 0.716812
vn 0.156590 0.987664 -0.000004
vn -0.334901 0.942253 0.000001
vn -0.355048 0.596972 0.719420
vn 0.042908 0.704618 0.708289
vn 0.116793 0.993156 0.000000
vn -0.263142 0.964757 0.000000
vn -0.360543 0.574718 0.734648
vn -0.114698 -0.696798 0.708037
vn -0.110822 -0.993840 0.000000
vn -0.277975 -0.960588 0.000000
vn -0.240973 -0.663101 0.708681
vn 0.253552 -0.660192 0.707006
vn 0.358526 -0.933520 -0.000019
vn 0.340948 -0.940082 0.000272
vn 0.228511 -0.668994 0.707269
vn -0.241040 0.664621 0.707233
vn -0.323238 0.946318 -0.000399
vn -0.358526 0.933520 -0.000010
vn -0.253476 0.659994 0.707218
vn -0.337394 0.941363 0.000376
vn -0.223357 0.670436 0.707550
vn 0.126002 -0.696062 0.706839
vn 0.195950 -0.980612 -0.001779
vn 0.169224 -0.985577 -0.000400
vn 0.126073 -0.695800 0.707084
vn 0.503692 -0.499813 0.704615
vn 0.718285 -0.695727 -0.005474
vn 0.641138 -0.767395 -0.006925
vn 0.427704 -0.564831 0.705716
vn 0.598515 -0.377686 0.706493
vn 0.848716 -0.528849 -0.000194
vn 0.815925 -0.578150 -0.002997
vn 0.550151 -0.445055 0.706583
vn 0.634141 -0.302284 0.711681
vn 0.946788 -0.321858 0.000000
vn 0.357709 -0.612205 0.705159
vn 0.516582 -0.856217 -0.005967
vn 0.384706 -0.923030 -0.004135
vn 0.214996 -0.671713 0.708928
vn 0.571582 0.406506 0.712774
vn 0.733581 0.679602 0.000000
vn 0.944714 0.327897 0.000000
vn 0.687840 0.120047 0.715867
vn 0.698663 -0.095882 0.708997
vn 0.998189 -0.060151 0.000000
vn 0.434833 0.557152 0.707462
vn 0.588102 0.808787 0.000000
vn 0.187165 -0.982329 0.000000
vn -0.821347 0.570397 0.006074
vn -0.636339 0.267614 0.723502
vn -0.698361 0.033771 0.714949
vn -0.979267 0.202560 -0.002501
vn -0.926858 -0.375413 -0.000019
vn -0.520669 -0.431336 0.736785
vn -0.114905 0.690544 0.714105
vn -0.023317 0.999728 0.000005
vn -0.408174 0.912904 0.000003
vn -0.360270 0.602599 0.712095
vn -0.547607 -0.836736 -0.000003
vn -0.376156 -0.598572 0.707261
vn -0.322321 -0.506039 0.800021
vn -0.372894 -0.600735 0.707155
vn 0.000043 0.000068 1.000000
vn 0.000043 0.000068 1.000000
vn -0.551924 -0.441576 0.707383
vn -0.765814 -0.643062 0.000000
vn -0.833314 -0.552800 -0.000012
vn -0.612214 -0.350592 0.708716
vn 0.580945 0.392224 0.713206
vn 0.864729 0.502238 0.000012
vn 0.770953 0.636892 0.000007
vn 0.528099 0.462930 0.711904
vn -0.658414 -0.255801 0.707854
vn -0.916052 -0.401059 -0.000005
vn -0.981075 -0.193626 0.000000
vn -0.699301 -0.041114 0.713644
vn 0.690047 -0.109791 0.715389
vn 0.965781 -0.259357 0.000000
vn 0.998319 0.057959 0.000000
vn 0.687753 0.119312 0.716073
vn -0.984525 0.175244 0.000000
vn -0.676202 0.193288 0.710908
vn 0.645827 0.273547 0.712797
vn 0.941993 0.335633 0.000000
vn -0.916607 0.399790 0.000000
vn -0.638396 0.302871 0.707616
vn 0.614347 -0.340029 0.712010
vn 0.857924 -0.513777 0.000000
vn 0.906335 -0.422560 0.000000
vn 0.646436 -0.274081 0.712039
vn -0.049169 -0.603882 0.795556
vn 0.506415 -0.862269 0.006046
vn -0.842074 -0.539362 0.000000
vn -0.617660 0.076092 0.782755
vn -0.466626 0.531111 0.707235
vn -0.660029 0.751240 0.000000
vn -0.556509 -0.436095 0.707191
vn -0.789642 -0.613568 0.000000
vn -0.784577 -0.620032 0.000002
vn -0.554719 -0.438381 0.707184
vn -0.551606 -0.442079 0.707317
vn -0.768195 -0.640216 0.000000
vn -0.561159 -0.430138 0.707165
vn -0.793664 -0.608357 0.000000
vn -0.795786 -0.605578 0.000000
vn -0.564131 -0.426187 0.707192
vn -0.560980 -0.430313 0.707200
vn -0.789033 -0.614350 -0.000007
vn -0.788185 -0.615438 -0.000004
vn -0.550249 -0.443848 0.707266
vn 0.561156 0.430087 0.707198
vn 0.781164 0.624326 0.000000
vn 0.621413 0.783483 -0.000003
vn 0.253425 0.630551 0.733608
vn -0.705843 -0.708368 0.000000
vn -0.448247 -0.542872 0.710187
vn 0.499297 0.496850 0.709819
vn 0.643304 0.765611 0.000000
vn -0.447467 -0.894301 -0.000046
vn -0.225560 -0.663308 0.713545
vn 0.320085 0.623043 0.713696
vn 0.329807 0.944048 0.000017
vn -0.192851 -0.981228 -0.000073
vn -0.182951 -0.930872 0.316236
vn 0.140617 0.692909 0.707181
vn 0.198880 0.980024 0.000050
vn 0.826654 -0.562711 -0.000011
vn 0.564510 -0.141094 0.813278
vn 0.097443 -0.700431 0.707037
vn 0.608546 -0.360403 0.706952
vn 0.860426 -0.509576 0.000003
vn 0.917541 -0.397642 0.000002
vn 0.674011 -0.194659 0.712613
vn -0.729499 0.683982 0.000001
vn -0.560148 0.425054 0.711030
vn 0.063817 0.589285 0.805401
vn -0.526813 0.849981 0.000000
vn 0.858511 0.512794 0.000009
vn 0.602329 -0.048172 0.796793
vn 0.543112 0.251209 0.801201
vn 0.671336 0.488847 0.557078
vn 0.000182 0.000117 1.000000
vn 0.000377 -0.000121 1.000000
vn 0.553384 -0.440449 0.706944
vn 0.782421 -0.622750 -0.000021
vn 0.871881 -0.485075 0.067272
vn 0.616621 -0.225262 0.754345
vn 0.562756 0.428142 0.707107
vn 0.795857 0.605485 0.000000
vn 0.792699 0.609613 0.000000
vn 0.656914 0.510646 0.554711
vn -0.348997 0.608966 0.712293
vn -0.598281 0.801287 0.000000
vn -0.229402 0.973332 0.000000
vn -0.039372 0.695381 0.717562
vn -0.394017 0.575675 0.716484
vn -0.421900 0.906642 0.000000
vn 0.125689 0.695439 0.707507
vn 0.145452 0.989365 0.000000
vn 0.332179 0.943216 0.000000
vn 0.316201 0.625981 0.712857
vn -0.192114 0.680400 0.707212
vn -0.271730 0.962374 0.000000
vn -0.599356 -0.374981 0.707221
vn -0.847756 -0.530387 0.000000
vn 0.555089 0.356674 0.751439
vn 0.983267 0.182171 0.000000
vn 0.178438 0.983951 0.000006
vn -0.291166 0.504190 0.813028
vn -0.604124 0.367203 0.707246
vn -0.854528 0.519405 0.000000
vn -0.629518 0.776986 -0.000010
vn -0.458678 0.537680 0.707471
vn -0.356981 -0.610351 0.707133
vn -0.504866 -0.863197 0.000000
vn -0.511665 -0.859185 0.000000
vn -0.366543 -0.604592 0.707188
vn -0.534465 -0.845191 -0.000006
vn -0.515156 -0.857096 -0.000006
vn -0.360620 -0.608195 0.707144
vn -0.390224 -0.589452 0.707299
vn -0.538653 -0.842528 0.000190
vn -0.613073 -0.790027 0.000100
vn -0.465074 -0.530913 0.708404
vn -0.519354 -0.479491 0.707362
vn -0.718713 -0.695307 0.000000
vn 0.367909 0.592081 0.716995
vn 0.636707 0.771106 0.000000
vn 0.155190 0.987885 0.000000
vn -0.091248 0.669485 0.737199
vn -0.021227 0.706740 0.707155
vn -0.030019 0.999549 -0.000026
vn -0.029872 0.999554 -0.000008
vn -0.021026 0.705016 0.708879
vn 0.340743 0.619610 0.707091
vn 0.479154 0.877731 0.000000
vn 0.498441 0.866923 0.000000
vn 0.361644 0.607886 0.706886
vn 0.373019 0.600237 0.707511
vn 0.525749 0.850638 0.001643
vn 0.352660 0.612643 0.707318
vn 0.521023 0.853543 0.000000
vn 0.621361 -0.413412 0.665584
vn 0.832432 -0.554051 0.009194
vn 0.379593 0.596589 0.707100
vn 0.530816 0.847487 0.000000
vn -0.083364 -0.996519 0.000000
vn -0.058572 -0.700160 0.711579
vn 0.210199 0.668754 0.713151
vn 0.171537 0.985178 0.000000
vn 0.456220 0.889867 0.000000
vn 0.346864 0.615577 0.707637
vn 0.029449 -0.999566 0.000000
vn 0.100056 -0.690793 0.716096
vn -0.030750 0.703731 0.709801
vn -0.130130 0.991497 0.000000
vn 0.300015 -0.631903 0.714625
vn 0.342527 -0.939508 0.000000
vn 0.557503 -0.830175 0.000000
vn 0.422754 -0.559814 0.712663
vn -0.353309 0.611250 0.708199
vn -0.545292 0.838246 0.000000
vn -0.377255 0.926109 0.000000
vn -0.209151 0.672688 0.709751
vn 0.667189 -0.744889 0.000000
vn 0.483230 -0.509624 0.711879
vn -0.446262 0.546934 0.708317
vn -0.674067 0.738670 0.000000
vn 0.535546 -0.453899 0.712156
vn 0.736192 -0.676772 0.000000
vn 0.794862 -0.606790 0.000000
vn 0.563008 -0.420239 0.711633
vn -0.548996 0.444899 0.707579
vn -0.795842 0.605504 -0.000018
vn -0.743115 0.669164 -0.000009
vn -0.514976 0.484116 0.707412
vn 0.818805 -0.574072 -0.000019
vn 0.582728 -0.392316 0.711699
vn -0.585965 0.395074 0.707504
vn -0.843713 0.536795 0.000000
vn -0.514415 0.308403 0.800165
vn -0.857674 0.514194 0.000000
vn 0.590132 -0.381272 0.711601
vn 0.839945 -0.542671 0.000000
vn 0.366685 0.604629 0.707083
vn 0.518552 0.855046 0.000003
vn 0.518552 0.855046 0.000003
vn 0.365853 0.603381 0.708579
vn 0.366686 0.604630 0.707082
vn 0.518552 0.855046 0.000006
vn 0.849929 0.526897 0.000002
vn 0.585410 -0.066643 0.807994
vn 0.051421 0.598442 0.799514
vn -0.519074 0.854729 0.000002
vn 0.591147 -0.388300 0.706943
vn -0.251174 -0.550849 0.795913
vn 0.183780 -0.982967 0.000000
vn -0.976336 -0.216259 0.000000
vn -0.531484 0.257778 0.806892
vn -0.905444 0.424465 0.000000
vn -0.556395 -0.159091 0.815546
vn -0.681829 -0.179133 0.709239
vn -0.945349 -0.326060 0.000000
vn -0.968863 0.247598 0.000000
vn -0.688267 0.725458 -0.000000
vn -0.533889 -0.463201 0.707394
vn -0.739063 -0.673636 0.000000
vn -0.802671 -0.596422 0.000000
vn -0.587582 -0.391549 0.708122
vn -0.635969 -0.307334 0.707877
vn -0.880696 -0.473682 0.000000
vn 0.122399 0.591599 0.796887
vn -0.394133 0.919054 0.000000
vn 0.597496 0.801872 0.000000
vn 0.415860 0.571940 0.707068
vn 0.887234 0.461320 0.000000
vn 0.577627 -0.115834 0.808041
vn -0.450837 0.528740 0.719152
vn -0.525755 0.850636 0.000000
vn -0.879282 0.476302 0.000000
vn -0.613972 0.350122 0.707427
vn 0.121471 -0.696669 0.707034
vn 0.171768 -0.985137 0.000003
vn 0.095393 -0.995440 0.000000
vn 0.012685 -0.704931 0.709162
vn -0.659268 0.202151 0.724224
vn -0.865843 0.500316 0.000000
vn -0.989318 -0.145771 0.000000
vn -0.636310 -0.259880 0.726341
vn 0.344394 0.604825 0.718039
vn 0.642121 0.766603 0.000000
vn 0.172359 0.985034 0.000000
vn -0.001600 0.696424 0.717628
vn -0.787251 -0.616632 0.000000
vn -0.532080 -0.464192 0.708108
vn 0.627651 0.312845 0.712869
vn 0.943879 0.330292 0.000000
vn 0.808944 0.587885 0.000000
vn 0.556579 0.435522 0.707489
vn -0.412158 -0.571174 0.709849
vn -0.657084 -0.753817 0.000000
vn -0.289241 -0.957256 0.000000
vn -0.029240 -0.684945 0.728008
vn 0.697200 0.028682 0.716303
vn 0.992318 -0.123711 0.000000
vn -0.141085 0.688580 0.711304
vn -0.200644 0.979664 0.000000
vn -0.200573 0.979679 -0.000001
vn -0.139231 0.680285 0.719602
vn -0.464835 -0.384434 0.797583
vn -0.255846 -0.966718 0.000000
vn -0.972487 0.232959 0.000000
vn -0.368805 0.463476 0.805713
vn 0.594204 0.114810 0.796078
vn 0.892758 -0.450536 0.000000
vn 0.958322 -0.285690 0.000000
vn 0.358699 -0.479685 0.800773
vn 0.504664 -0.863316 0.000000
vn 0.529680 -0.386959 0.754785
vn -0.453986 0.504064 0.734722
vn -0.422601 0.906312 -0.002501
vn -0.978147 0.207914 -0.000556
vn -0.640379 -0.132581 0.756530
vn -0.679523 -0.135047 0.721118
vn -0.999982 -0.005934 0.000271
vn -0.595935 -0.803032 0.001044
vn 0.166025 -0.473671 0.864911
vn 0.073737 0.675102 0.734030
vn 0.392936 0.919564 -0.001916
vn -0.562864 0.427993 0.707111
vn -0.797058 0.603902 0.000000
vn -0.792097 0.610395 0.000000
vn -0.557884 0.434402 0.707149
vn 0.991232 -0.132070 0.004124
vn 0.550328 0.267850 0.790819
vn 0.594874 -0.068219 0.800919
vn 0.868151 0.496294 0.002267
vn -0.688968 -0.137014 0.711724
vn -0.991932 -0.126774 0.000001
vn -0.857864 -0.513877 -0.000002
vn -0.488152 -0.482050 0.727554
vn -0.239133 0.663442 0.708986
vn -0.243812 0.969822 0.000011
vn -0.571855 0.820355 0.000008
vn -0.494087 0.491178 0.717372
vn 0.580790 -0.398114 0.710063
vn 0.751849 -0.659335 0.000005
vn 0.988330 -0.152327 0.000001
vn 0.522676 -0.081644 0.848613
vn 0.416487 -0.570264 0.708052
vn 0.581616 -0.813464 -0.000010
vn 0.626947 -0.779062 0.000000
vn 0.468419 -0.527952 0.708414
vn 0.389448 -0.696280 0.602930
vn 0.489374 -0.872074 -0.000027
vn -0.922977 0.384854 0.000000
vn -0.678710 0.127574 0.723241
vn -0.427296 -0.904112 -0.000013
vn -0.222022 -0.665432 0.712676
vn -0.084046 0.795736 0.599784
vn -0.097135 0.995271 0.000000
vn 0.353663 -0.483026 0.801005
vn 0.955554 -0.294816 -0.000013
vn 0.597717 -0.801707 0.000000
vn 0.571228 -0.153640 0.806283
vn -0.253103 -0.658583 0.708666
vn -0.413793 -0.910371 0.000014
vn -0.133510 -0.991047 0.000026
vn 0.024076 -0.695824 0.717809
vn 0.333681 -0.616316 0.713310
vn 0.337304 -0.941396 0.000002
vn 0.751603 -0.659616 -0.000007
vn 0.616530 -0.309470 0.723960
vn 0.087208 0.691054 0.717523
vn 0.297083 0.954852 -0.000014
vn -0.161183 0.986924 0.000000
vn -0.089001 0.545004 0.833696
vn 0.671406 0.219048 0.707977
vn 0.965875 0.259008 0.000000
vn 0.903060 0.429515 0.000000
vn 0.612144 0.350230 0.708957
vn 0.222664 0.561748 0.796781
vn 0.834924 0.550365 -0.000036
vn 0.356696 0.934220 -0.000056
vn 0.504192 0.345181 0.791607
vn 0.702278 -0.012993 0.711784
vn 0.990770 -0.135553 -0.000017
vn 0.994185 0.107684 -0.000026
vn 0.702270 0.083493 0.706998
vn 0.514338 0.482266 0.709138
vn 0.781391 0.624042 -0.000028
vn 0.605341 0.795966 -0.000062
vn 0.374842 0.596486 0.709717
vn 0.321903 0.629755 0.706956
vn 0.455149 0.890416 -0.000051
vn 0.142475 -0.692604 0.707107
vn 0.201490 -0.979491 0.000000
vn 0.225619 -0.974216 0.000000
vn 0.176457 -0.684513 0.707323
vn -0.342670 -0.618524 0.707111
vn -0.484612 -0.874729 0.000001
vn -0.377117 -0.926166 0.000018
vn -0.184337 -0.677354 0.712188
vn -0.661513 -0.226945 0.714770
vn -0.983649 -0.180099 -0.000000
vn -0.827148 -0.561984 0.000000
vn -0.528305 -0.462146 0.712260
vn -0.011269 0.678632 0.734392
vn 0.273115 0.961981 0.000000
vn -0.485210 0.874398 0.000024
vn -0.463451 0.509849 0.724754
vn 0.385305 -0.582906 0.715375
vn 0.415700 -0.909502 0.000000
vn 0.815856 -0.578255 0.000000
vn 0.638306 -0.259980 0.724553
vn -0.030549 -0.999533 0.000007
vn 0.060993 -0.699626 0.711901
vn -0.610550 -0.791978 0.000000
vn -0.387070 -0.589350 0.709114
vn 0.445674 0.539324 0.714496
vn 0.742791 0.669523 0.000000
vn -0.679335 0.122015 0.723613
vn -0.920742 0.390171 0.000017
vn 0.643993 0.229889 0.729674
vn 0.996899 0.078690 0.000000
vn 0.720952 0.327264 0.610841
vn 0.900938 0.433947 -0.000004
vn 0.697553 0.716533 -0.000002
vn 0.420423 0.562333 0.712057
vn 0.100980 -0.994888 -0.000006
vn 0.055449 -0.531781 0.845064
vn -0.607701 0.344458 0.715576
vn -0.777891 0.628399 -0.000747
vn 0.402968 0.380507 0.832365
vn 0.998010 -0.063055 -0.000007
vn -0.610405 0.503308 0.611627
vn -0.271560 0.647418 0.712113
vn -0.494877 0.868963 0.000000
vn -0.771544 0.636175 0.000000
vn -0.386550 -0.588316 0.710256
vn -0.625622 -0.780126 0.000000
vn -0.366991 -0.930224 0.000000
vn -0.182393 -0.678571 0.711530
vn 0.779209 0.626764 -0.000007
vn -0.190508 0.981686 -0.000023
vn -0.147886 0.691334 0.707239
vn 0.200615 -0.979670 0.000000
vn 0.232185 -0.972672 -0.000328
vn 0.186300 -0.682086 0.707143
vn 0.316072 -0.948735 -0.000473
vn 0.238586 -0.665697 0.707053
vn -0.261043 0.965327 0.000692
vn -0.160527 0.688018 0.707716
vn -0.192953 0.981208 0.000362
vn -0.136548 0.693800 0.707104
vn 0.279745 -0.960074 0.000591
vn 0.179417 -0.683667 0.707395
vn 0.209181 -0.977877 0.000239
vn 0.134695 -0.694100 0.707165
vn -0.253843 0.967245 -0.000349
vn -0.197766 0.678743 0.707246
vn 0.311318 0.607344 0.730900
vn 0.580033 0.810245 0.084054
vn 0.199054 0.979818 0.018264
vn 0.062820 0.700218 0.711160
vn 0.983254 -0.083355 0.162061
vn 0.656982 0.000136 0.753906
vn 0.553500 0.346898 0.757165
vn 0.937133 0.325715 0.125263
vn 0.064491 0.788770 0.611296
vn 0.477538 0.878611 0.000005
vn 0.236721 0.971578 0.000000
vn 0.119779 0.527591 0.841012
vn 0.000267 -0.000292 1.000000
vn 0.000307 -0.000276 1.000000
vn 0.000040 0.000066 1.000000
vn 0.000036 0.000060 1.000000
vn -0.009343 0.008591 0.999919
vn -0.008493 0.009480 0.999919
vn -0.000011 -0.000092 1.000000
vn -0.000003 -0.000013 1.000000
vn 0.000363 -0.000231 1.000000
vn 0.000369 -0.000221 1.000000
vn -0.000012 -0.000126 1.000000
vn 0.000020 -0.000191 1.000000
vn -0.010930 0.006545 0.999919
vn -0.010700 0.006913 0.999919
vn 0.000051 -0.000255 1.000000
vn 0.008983 0.003871 0.999952
vn 0.013400 0.008275 0.999876
vn -0.000040 0.000106 1.000000
vn 0.000039 0.000062 1.000000
vn 0.006826 0.006921 0.999953
vn -0.002681 -0.004908 0.999984
vn -0.000026 -0.000050 1.000000
vn -0.001955 -0.003962 0.999990
vn -0.005770 -0.001331 0.999982
vn 0.000395 -0.000135 1.000000
vn 0.000136 -0.000217 1.000000
vn 0.009383 0.007391 0.999929
vn 0.000354 0.000066 1.000000
vn 0.000275 0.000119 1.000000
vn 0.001435 0.004145 0.999990
vn 0.000282 0.000089 1.000000
vn 0.000134 0.000116 1.000000
vn -0.010983 -0.006379 0.999919
vn -0.011978 -0.004268 0.999919
vn 0.000096 -0.000047 1.000000
vn 0.000387 -0.000025 1.000000
vn 0.000244 -0.000066 1.000000
vn 0.000066 -0.000164 1.000000
vn 0.000052 0.000065 1.000000
vn -0.000002 -0.000024 1.000000
vn 0.000144 -0.000260 1.000000
vn 0.000079 -0.000216 1.000000
vn 0.000399 -0.000180 1.000000
vn -0.004870 -0.003728 0.999981
vn 0.324153 0.946005 0.000143
vn 0.000305 0.000102 1.000000
vn 0.000252 0.000235 1.000000
vn 0.000010 -0.000137 1.000000
vn 0.000066 0.000064 1.000000
vn 0.000378 0.000052 1.000000
vn 0.000347 -0.000191 1.000000
vn 0.000241 0.000127 1.000000
vn 0.000183 0.000133 1.000000
vn 0.000086 0.000131 1.000000
vn 0.000296 0.000111 1.000000
vn -0.000000 -0.000049 1.000000
vn 0.000086 0.000106 1.000000
vn -0.002456 -0.003305 0.999992
vn 0.003899 -0.008913 0.999953
vn -0.520459 -0.853886 0.000028
vn -0.436445 -0.708394 0.554701
vn 0.000268 0.000060 1.000000
vn 0.000203 0.000133 1.000000
vn 0.000148 0.000124 1.000000
vn 0.005626 -0.008458 0.999948
vn -0.009828 -0.008119 0.999919
vn 0.000381 -0.000207 1.000000
vn 0.000403 -0.000176 1.000000
vn -0.012190 0.003274 0.999920
vn -0.011549 0.005385 0.999919
vn -0.012576 -0.000730 0.999921
vn -0.003323 0.001436 0.999993
vn 0.001752 -0.001826 0.999997
vn 0.000039 -0.000220 1.000000
vn 0.000412 -0.000075 1.000000
vn 0.001471 -0.006567 0.999977
vn 0.002945 0.001587 0.999994
vn 0.000078 -0.000231 1.000000
vn 0.000201 0.000150 1.000000
vn 0.001585 -0.001556 0.999998
vn -0.000372 0.000522 1.000000
vn 0.049416 -0.033376 0.998220
vn 0.000236 -0.000270 1.000000
vn 0.002762 0.001905 0.999994
vn -0.000085 -0.000188 1.000000
vn 0.000048 0.000080 1.000000
vn 0.003463 -0.017615 0.999839
vn -0.000074 -0.000409 1.000000
vn 0.000047 0.000073 1.000000
vn 0.000017 0.000029 1.000000
vn 0.887165 0.461453 0.000101
vn 0.000266 -0.000170 1.000000
vn 0.000039 0.000010 1.000000
vn 0.000173 0.000136 1.000000
vn 0.000176 0.000137 1.000000
vn 0.000177 0.000147 1.000000
vn 0.000157 0.000119 1.000000
vn 0.000080 0.000061 1.000000
vn 0.000173 0.000135 1.000000
vn 0.000174 0.000135 1.000000
vn 0.000238 -0.000164 1.000000
vn 0.000283 0.000177 1.000000
vn 0.000151 0.000120 1.000000
vn 0.000041 0.000064 1.000000
vn -0.000011 -0.000045 1.000000
vn 0.000375 -0.000065 1.000000
vn 0.000131 -0.000243 1.000000
vn 0.000127 0.000125 1.000000
vn -0.012369 0.018596 0.999751
vn 0.002042 0.014198 0.999897
vn 0.000074 0.000080 1.000000
vn -0.000020 -0.000102 1.000000
vn 0.000034 0.000050 1.000000
vn -0.000021 -0.000118 1.000000
vn -0.000123 -0.000170 1.000000
vn 0.000003 -0.000130 1.000000
vn 0.086969 0.602613 0.793281
vn -0.441054 0.897481 0.000000
vn -0.009038 -0.002939 0.999955
vn -0.006849 0.002333 0.999974
vn 0.000054 0.000264 1.000000
vn 0.000380 -0.000213 1.000000
vn 0.000381 -0.000300 1.000000
vn 0.000136 -0.000284 1.000000
vn 0.000088 -0.000311 1.000000
vn -0.000072 -0.000371 1.000000
vn 0.000398 -0.000171 1.000000
vn 0.000379 -0.000224 1.000000
vn 0.000289 -0.000269 1.000000
vn 0.000085 -0.000256 1.000000
vn 0.000171 -0.000045 1.000000
vn 0.000161 -0.000232 1.000000
vn 0.000074 0.000165 1.000000
vn 0.000301 0.000149 1.000000
vn 0.913671 0.406454 0.000005
vn 0.858678 0.512512 -0.001770
vn 0.000000 0.000000 1.000000
vn 0.000000 0.000000 1.000000
vn 0.000018 -0.000274 1.000000
vn 0.000099 -0.000276 1.000000
vn 0.000184 0.000137 1.000000
vn 0.000416 -0.000031 1.000000
vn 0.000182 0.000141 1.000000
vn -0.000137 -0.000162 1.000000
vn 0.000071 -0.000260 1.000000
vn 0.000214 -0.000287 1.000000
vn -0.000017 -0.000135 1.000000
vn 0.674729 0.587118 0.447251
vn 0.000103 -0.000268 1.000000
vn 0.000334 0.000063 1.000000
vn 0.000353 -0.000215 1.000000
vn 0.000235 -0.000290 1.000000
vn 0.000124 -0.000272 1.000000
vn 0.000106 -0.000277 1.000000
vn 0.000002 0.000021 1.000000
vn 0.000064 0.000085 1.000000
vn 0.000075 -0.000256 1.000000
vn 0.000097 -0.000266 1.000000
vn -0.000006 -0.000133 1.000000
vn 0.000025 0.000034 1.000000
vn 0.000010 -0.000144 1.000000
vn -0.000014 -0.000039 1.000000
vn -0.532918 -0.846167 -0.000053
vn 0.000050 -0.000235 1.000000
vn 0.000068 0.000091 1.000000
vn 0.000038 0.000063 1.000000
vn 0.000066 -0.000251 1.000000
vn 0.000039 -0.000199 1.000000
vn 0.000078 0.000097 1.000000
vn 0.000112 0.000108 1.000000
vn -0.001403 -0.008604 0.999962
vn -0.007538 -0.008708 0.999934
vn 0.000092 -0.000268 1.000000
vn 0.000421 -0.000082 1.000000
vn 0.000322 -0.000257 1.000000
vn -0.000426 0.000315 1.000000
vn 0.000028 0.000049 1.000000
vn 0.000035 0.000060 1.000000
vn 0.100281 -0.066231 0.992752
vn 0.000031 0.000051 1.000000
vn 0.001058 0.012647 0.999919
vn 0.000003 0.000002 1.000000
vn -0.000013 -0.000111 1.000000
vn -0.000369 0.012522 0.999922
vn 0.000033 -0.000226 1.000000
vn -0.007054 0.010503 0.999920
vn -0.004309 0.011820 0.999921
vn 0.000118 -0.000284 1.000000
vn 0.000199 -0.000303 1.000000
vn 0.000284 0.000239 1.000000
vn 0.308584 0.951197 -0.000017
vn -0.010121 0.007725 0.999919
vn 0.000337 -0.000256 1.000000
vn 0.967605 0.252470 0.000042
vn 0.801426 0.223517 0.554758
vn -0.010405 0.007296 0.999919
vn -0.000659 0.002462 0.999997
vn -0.001576 0.002317 0.999996
vn -0.001546 0.002281 0.999996
vn 0.003966 0.002314 0.999989
vn 0.000203 0.003193 0.999995
vn 0.009441 -0.013167 0.999869
vn 0.007931 -0.021064 0.999747
vn -0.003160 0.002078 0.999993
vn -0.010263 0.000414 0.999947
vn -0.000879 0.002550 0.999996
vn 0.010085 0.014101 0.999850
vn -0.003686 0.014771 0.999884
vn 0.000443 0.020614 0.999787
vn -0.010715 0.002538 0.999939
vn 0.007900 0.020803 0.999752
vn -0.004637 0.004103 0.999981
vn -0.001044 0.001813 0.999998
vn 0.000475 0.000052 1.000000
vn 0.000378 -0.000012 1.000000
vn 0.013203 0.010386 0.999859
vn 0.000746 0.001081 0.999999
vn 0.000010 -0.000015 1.000000
vn -0.000030 0.000132 1.000000
vn 0.004714 0.006471 0.999968
vn 0.000036 0.000268 1.000000
vn 0.000164 0.000331 1.000000
vn -0.005848 0.001638 0.999982
vn 0.000183 -0.000122 1.000000
vn 0.000319 0.000299 1.000000
vn 0.000394 0.000225 1.000000
vn 0.000425 0.000133 1.000000
vn 0.000108 -0.000151 1.000000
vn 0.003343 -0.002167 0.999992
vn 0.006346 -0.004490 0.999970
vn 0.000216 0.000345 1.000000
vn 0.000244 -0.000043 1.000000
vn 0.000000 0.000000 1.000000
vn 0.000000 0.000000 1.000000
vn 0.000000 0.000000 1.000000
vn 0.000000 0.000000 1.000000
vn 0.000000 0.000000 1.000000
vn 0.000000 0.000000 1.000000
vn 0.000000 0.000000 1.000000
vn 0.000000 0.000000 1.000000
vn 0.000000 0.000000 1.000000
vn 0.000000 0.000000 1.000000
vn 0.000000 0.000000 1.000000
vn 0.000000 0.000000 1.000000
vn 0.000000 0.000000 1.000000
vn 0.000000 0.000000 1.000000
vn 0.000000 0.000000 1.000000
vn -0.606337 0.363512 0.707259
vn -0.713565 0.427798 0.554810
vn 0.000369 -0.000221 1.000000
vn 0.000369 -0.000221 1.000000
vn -0.857674 0.514194 0.000000
vn -0.857674 0.514194 0.000000
vn 0.973037 0.230648 -0.000011
vn 0.785792 0.191802 0.588000
vn 0.350866 0.614198 0.706862
vn -0.150991 -0.572942 0.805568
vn 0.391356 -0.920219 0.006091
vn -0.922120 -0.386905 0.000338
vn -0.597358 0.120934 0.792804
vn 0.000045 0.000018 1.000000
vn -0.009531 0.007726 0.999925
vn 0.000023 -0.000017 1.000000
vn 0.000280 0.000208 1.000000
vn 0.000104 0.000116 1.000000
vn -0.000031 0.000189 1.000000
vn 0.000020 0.000118 1.000000
vn -0.604117 0.367198 0.707254
vn 0.000359 -0.000218 1.000000
vn 0.608546 -0.360403 0.706952
vn 0.000393 -0.000233 1.000000
vn -0.854528 0.519405 0.000000
vn 0.860426 -0.509575 0.000004
vn -0.606336 0.363512 0.707259
vn -0.857673 0.514195 0.000000
vn 0.000369 -0.000221 1.000000
vn 0.157179 -0.801578 0.576861
vn 0.590138 -0.381276 0.711593
vn -0.010682 0.006901 0.999919
vn -0.429162 -0.562421 0.706756
vn 0.839945 -0.542671 0.000021
vn 0.000139 -0.000058 1.000000
vn 0.950260 0.311459 0.000178
vn 0.666348 0.236045 0.707292
vn 0.921656 0.388008 0.000224
vn 0.642316 0.295046 0.707374
vn 0.000955 -0.001671 0.999998
vn 0.000231 0.000239 1.000000
vn 0.000014 0.000772 1.000000
vn 0.167795 0.570636 0.803878
vn -0.178934 0.983861 0.000000
vn 0.082958 0.996553 -0.000012
vn 0.000005 -0.000003 1.000000
vn 0.427121 0.072071 0.901318
vn -0.011029 -0.002993 0.999935
vn -0.033847 -0.008445 0.999391
vn 0.335596 0.941995 -0.004480
vn -0.208863 0.390006 0.896812
vn 0.000043 0.000070 1.000000
vn -0.000082 0.000077 1.000000
vn 0.821427 0.351036 0.449480
vn 0.919551 0.392971 0.000031
vn -0.005604 -0.002686 0.999981
vn 0.376388 0.598431 0.707257
vn 0.530627 0.847605 -0.000000
vn 0.855364 0.518027 0.000004
vn 0.593345 -0.062293 0.802534
vn 0.374700 0.599705 0.707074
vn 0.529862 0.848084 -0.000010
vn 0.374591 0.599771 0.707076
vn 0.529614 0.848239 0.000025
vn 0.058262 0.596160 0.800749
vn -0.000725 -0.001189 0.999999
vn 0.000288 -0.001949 0.999998
vn -0.514244 0.857632 -0.004441
vn 0.000828 -0.001042 0.999999
vn 0.000567 -0.000262 1.000000
vn 0.000046 0.000074 1.000000
vn -0.577583 0.591637 0.562463
vn -0.610853 0.204622 0.764845
vn -0.576729 0.813283 0.077159
vn -0.192848 -0.981229 -0.000037
vn -0.192841 -0.981230 0.000000
vn 0.588744 -0.391892 0.706966
vn 0.605781 -0.403154 0.685927
vn 0.000107 -0.000326 1.000000
vn 0.000351 -0.000189 1.000000
vn 0.832423 -0.554140 0.000000
vn 0.832421 -0.554144 0.000000
vn 0.259564 0.965726 0.000000
vn 0.044075 0.692117 0.720438
vn 0.003014 0.607907 0.794003
vn -0.564223 0.825622 0.000535
vn -0.990528 0.095502 0.098655
vn -0.497441 -0.321673 0.805654
vn -0.076705 -0.022024 0.996811
vn -0.568157 0.036261 0.822121
vn -0.817651 -0.539349 0.201370
vn -0.323307 -0.576539 0.750383
vn -0.477167 -0.849875 0.223660
vn -0.028353 -0.042481 0.998695
vn -0.072413 -0.132998 0.988467
vn -0.347798 0.599293 0.721030
vn 0.000081 -0.000181 1.000000
vn -0.317312 0.948321 0.000000
vn 0.000068 0.000166 1.000000
vn -0.003372 0.002833 0.999990
vn 0.372556 0.601339 0.706819
vn 0.002897 0.000104 0.999996
vn 0.001551 0.003009 0.999994
vn 0.525752 0.850635 0.002177
vn 0.562756 0.428142 0.707107
vn 0.562756 0.428142 0.707107
vn 0.000000 0.000000 1.000000
vn 0.000000 0.000000 1.000000
vn -0.561205 -0.430173 0.707107
vn -0.561185 -0.430158 0.707132
vn 0.000016 0.000012 1.000000
vn -0.000042 -0.000033 1.000000
vn 0.795857 0.605484 0.000000
vn 0.795857 0.605484 0.000000
vn -0.793664 -0.608356 0.000000
vn -0.793664 -0.608357 0.000000
vn -0.474770 -0.366939 0.799968
vn -0.788779 -0.614676 0.000000
vn -0.000094 -0.000073 1.000000
vn 0.351652 0.276298 0.894427
vn 0.000000 0.000000 1.000000
vn 0.786319 0.617821 0.000000
vn -0.000093 -0.000073 1.000000
vn -0.703313 -0.552603 0.447192
vn -0.786318 -0.617822 0.000000
vn 0.959602 0.281362 0.000000
vn -0.973147 -0.230183 0.000000
vn -0.703853 -0.104898 0.702558
vn -0.009811 0.041478 0.999091
vn -0.797847 0.549423 0.248143
vn 0.754250 0.656587 0.000013
vn 0.985446 0.169678 0.010304
vn 0.218617 -0.975393 -0.028568
vn 0.506994 0.861950 0.000000
vn -0.562954 -0.826236 -0.020420
f 1//1 2//2 3//3
f 1//1 3//3 4//4
f 5//5 6//6 7//7
f 5//5 7//7 8//8
f 9//9 5//5 8//8
f 9//9 8//8 10//10
f 11//11 12//12 13//13
f 11//11 13//13 14//14
f 15//15 16//16 17//17
f 15//15 17//17 18//18
f 19//19 20//20 21//21
f 19//19 21//21 22//22
f 23//23 24//24 25//25
f 23//23 25//25 26//26
f 27//27 28//28 29//29
f 27//27 29//29 30//30
f 31//31 32//32 33//33
f 31//31 33//33 34//34
f 35//35 36//36 37//37
f 35//35 37//37 38//38
f 28//28 39//39 40//40
f 28//28 40//40 29//29
f 41//41 42//42 43//43
f 41//41 43//43 44//44
f 45//45 46//46 47//47
f 45//45 47//47 48//48
f 49//49 19//19 22//22
f 49//49 22//22 50//50
f 51//51 41//41 44//44
f 51//51 44//44 52//52
f 53//53 27//27 30//30
f 53//53 30//30 54//54
f 39//39 55//55 56//56
f 39//39 56//56 40//40
f 36//36 57//57 58//58
f 36//36 58//58 37//37
f 59//59 60//60 61//61
f 59//59 61//61 62//62
f 55//55 63//63 64//64
f 55//55 64//64 56//56
f 57//57 49//49 50//50
f 57//57 50//50 58//58
f 16//16 65//65 66//66
f 16//16 66//66 17//17
f 12//12 67//67 68//68
f 12//12 68//68 13//13
f 69//69 70//70 71//71
f 69//69 71//71 72//72
f 63//63 31//31 34//34
f 63//63 34//34 64//64
f 73//73 23//23 26//26
f 73//73 26//26 74//74
f 75//75 51//51 52//52
f 75//75 52//52 76//76
f 70//70 77//77 78//78
f 70//70 78//78 71//71
f 32//32 79//79 80//80
f 32//32 80//80 33//33
f 77//77 11//11 14//14
f 77//77 14//14 78//78
f 67//67 75//75 76//76
f 67//67 76//76 68//68
f 79//79 15//15 18//18
f 79//79 18//18 80//80
f 65//65 69//69 72//72
f 65//65 72//72 66//66
f 20//20 53//53 54//54
f 20//20 54//54 21//21
f 24//24 59//59 62//62
f 24//24 62//62 25//25
f 46//46 73//73 74//74
f 46//46 74//74 47//47
f 81//81 45//45 48//48
f 81//81 48//48 82//82
f 42//42 83//83 84//84
f 42//42 84//84 43//43
f 60//60 81//81 82//82
f 60//60 82//82 61//61
f 83//83 35//35 38//38
f 83//83 38//38 84//84
f 85//85 86//86 87//87
f 85//85 87//87 88//88
f 10//10 8//8 89//89
f 10//10 89//89 90//90
f 86//86 91//91 92//92
f 86//86 92//92 87//87
f 8//8 7//7 93//93
f 8//8 93//93 89//89
f 94//94 85//85 88//88
f 94//94 88//88 95//95
f 50//50 22//22 96//96
f 50//50 96//96 97//97
f 76//76 52//52 98//98
f 76//76 98//98 99//99
f 54//54 30//30 100//100
f 54//54 100//100 101//101
f 38//38 37//37 102//102
f 38//38 102//102 103//103
f 33//33 80//80 104//104
f 33//33 104//104 105//105
f 68//68 76//76 99//99
f 68//68 99//99 106//106
f 80//80 18//18 107//107
f 80//80 107//107 104//104
f 14//14 13//13 108//108
f 14//14 108//108 109//109
f 18//18 17//17 110//110
f 18//18 110//110 107//107
f 34//34 33//33 105//105
f 34//34 105//105 111//111
f 13//13 68//68 106//106
f 13//13 106//106 108//108
f 84//84 38//38 103//103
f 84//84 103//103 112//112
f 78//78 14//14 109//109
f 78//78 109//109 113//113
f 66//66 72//72 114//114
f 66//66 114//114 115//115
f 21//21 54//54 101//101
f 21//21 101//101 116//116
f 29//29 40//40 117//117
f 29//29 117//117 118//118
f 40//40 56//56 119//119
f 40//40 119//119 117//117
f 22//22 21//21 116//116
f 22//22 116//116 96//96
f 56//56 64//64 120//120
f 56//56 120//120 119//119
f 64//64 34//34 111//111
f 64//64 111//111 120//120
f 43//43 84//84 112//112
f 43//43 112//112 121//121
f 17//17 66//66 115//115
f 17//17 115//115 110//110
f 30//30 29//29 118//118
f 30//30 118//118 100//100
f 44//44 43//43 121//121
f 44//44 121//121 122//122
f 72//72 71//71 123//123
f 72//72 123//123 114//114
f 52//52 44//44 122//122
f 52//52 122//122 98//98
f 37//37 58//58 124//124
f 37//37 124//124 102//102
f 71//71 78//78 113//113
f 71//71 113//113 123//123
f 58//58 50//50 97//97
f 58//58 97//97 124//124
f 47//47 74//74 125//125
f 47//47 125//125 126//126
f 61//61 82//82 127//127
f 61//61 127//127 128//128
f 62//62 61//61 128//128
f 62//62 128//128 129//129
f 74//74 26//26 130//130
f 74//74 130//130 125//125
f 48//48 47//47 126//126
f 48//48 126//126 131//131
f 25//25 62//62 129//129
f 25//25 129//129 132//132
f 26//26 25//25 132//132
f 26//26 132//132 130//130
f 82//82 48//48 131//131
f 82//82 131//131 127//127
f 133//133 134//134 135//135
f 133//133 135//135 136//136
f 137//137 138//138 139//139
f 140//140 141//141 142//142
f 140//140 142//142 143//143
f 141//141 144//144 145//145
f 141//141 145//145 142//142
f 146//146 147//147 148//148
f 146//146 148//148 149//149
f 142//142 145//145 150//150
f 142//142 150//150 151//151
f 149//149 148//148 152//152
f 149//149 152//152 153//153
f 143//143 142//142 151//151
f 143//143 151//151 154//154
f 155//155 135//135 156//156
f 155//155 156//156 157//157
f 157//157 156//156 139//139
f 157//157 139//139 158//158
f 138//138 159//159 158//158
f 138//138 158//158 139//139
f 160//160 161//161 162//162
f 160//160 162//162 163//163
f 164//164 160//160 163//163
f 164//164 163//163 165//165
f 161//161 166//166 167//167
f 161//161 167//167 162//162
f 163//163 162//162 168//168
f 163//163 168//168 169//169
f 165//165 163//163 169//169
f 165//165 169//169 170//170
f 162//162 167//167 171//171
f 162//162 171//171 168//168
f 10//10 90//90 172//172
f 10//10 172//172 9//9
f 173//173 174//174 175//175
f 173//173 175//175 176//176
f 177//177 178//178 179//179
f 177//177 179//179 180//180
f 181//181 182//182 183//183
f 181//181 183//183 184//184
f 185//185 186//186 187//187
f 185//185 187//187 188//188
f 189//189 190//190 182//182
f 189//189 182//182 181//181
f 191//191 192//192 164//164
f 191//191 164//164 193//193
f 194//194 195//195 196//196
f 194//194 196//196 197//197
f 198//198 199//199 200//200
f 198//198 200//200 201//201
f 202//202 203//203 204//204
f 202//202 204//204 205//205
f 206//206 207//207 208//208
f 206//206 208//208 209//209
f 210//210 211//211 212//212
f 210//210 212//212 213//213
f 214//214 215//215 216//216
f 214//214 216//216 217//217
f 218//218 219//219 220//220
f 218//218 220//220 221//221
f 221//221 220//220 222//222
f 221//221 222//222 223//223
f 224//224 225//225 226//226
f 224//224 226//226 227//227
f 228//228 229//229 230//230
f 228//228 230//230 231//231
f 232//232 233//233 234//234
f 232//232 234//234 235//235
f 236//236 237//237 233//233
f 236//236 233//233 232//232
f 238//238 239//239 240//240
f 238//238 240//240 241//241
f 242//242 243//243 244//244
f 242//242 244//244 245//245
f 246//246 247//247 237//237
f 246//246 237//237 236//236
f 248//248 249//249 243//243
f 248//248 243//243 242//242
f 227//227 226//226 250//250
f 227//227 250//250 94//94
f 7//7 6//6 251//251
f 7//7 251//251 252//252
f 253//253 254//254 255//255
f 253//253 255//255 256//256
f 257//257 258//258 259//259
f 257//257 259//259 260//260
f 256//256 255//255 261//261
f 256//256 261//261 262//262
f 263//263 264//264 265//265
f 263//263 265//265 266//266
f 267//267 268//268 269//269
f 267//267 269//269 270//270
f 271//271 272//272 273//273
f 271//271 273//273 274//274
f 275//275 276//276 277//277
f 275//275 277//277 278//278
f 279//279 280//280 281//281
f 279//279 281//281 282//282
f 278//278 277//277 283//283
f 278//278 283//283 284//284
f 285//285 286//286 272//272
f 285//285 272//272 271//271
f 284//284 283//283 287//287
f 284//284 287//287 288//288
f 289//289 290//290 291//291
f 289//289 291//291 292//292
f 293//293 294//294 295//295
f 293//293 295//295 296//296
f 299//299 300//300 301//301
f 299//299 301//301 302//302
f 303//303 304//304 300//300
f 303//303 300//300 299//299
f 305//305 306//306 307//307
f 305//305 307//307 308//308
f 309//309 310//310 311//311
f 309//309 311//311 312//312
f 313//313 314//314 315//315
f 313//313 315//315 316//316
f 312//312 311//311 317//317
f 312//312 317//317 318//318
f 319//319 320//320 314//314
f 319//319 314//314 313//313
f 318//318 317//317 321//321
f 318//318 321//321 322//322
f 323//323 324//324 320//320
f 323//323 320//320 319//319
f 322//322 321//321 325//325
f 322//322 325//325 326//326
f 327//327 328//328 324//324
f 327//327 324//324 323//323
f 329//329 330//330 331//331
f 332//332 333//333 334//334
f 332//332 334//334 335//335
f 205//205 204//204 336//336
f 205//205 336//336 337//337
f 338//338 339//339 340//340
f 338//338 340//340 341//341
f 342//342 343//343 344//344
f 342//342 344//344 345//345
f 346//346 347//347 348//348
f 346//346 348//348 349//349
f 350//350 351//351 352//352
f 350//350 352//352 353//353
f 308//308 307//307 178//178
f 308//308 178//178 177//177
f 180//180 179//179 304//304
f 180//180 304//304 303//303
f 354//354 355//355 356//356
f 354//354 356//356 357//357
f 358//358 359//359 355//355
f 358//358 355//355 354//354
f 360//360 361//361 362//362
f 360//360 362//362 363//363
f 364//364 365//365 359//359
f 364//364 359//359 358//358
f 366//366 367//367 4//4
f 366//366 4//4 3//3
f 368//368 369//369 370//370
f 368//368 370//370 371//371
f 335//335 334//334 369//369
f 335//335 369//369 368//368
f 372//372 373//373 339//339
f 372//372 339//339 338//338
f 260//260 259//259 374//374
f 260//260 374//374 375//375
f 376//376 377//377 378//378
f 376//376 378//378 379//379
f 264//264 380//380 381//381
f 264//264 381//381 382//382
f 383//383 384//384 385//385
f 383//383 385//385 386//386
f 387//387 388//388 268//268
f 387//387 268//268 267//267
f 389//389 390//390 391//391
f 389//389 391//391 392//392
f 393//393 394//394 395//395
f 393//393 395//395 396//396
f 397//397 398//398 399//399
f 397//397 399//399 400//400
f 403//403 404//404 398//398
f 403//403 398//398 397//397
f 405//405 406//406 294//294
f 405//405 294//294 293//293
f 407//407 408//408 404//404
f 407//407 404//404 403//403
f 411//411 412//412 413//413
f 411//411 413//413 414//414
f 410//410 409//409 415//415
f 410//410 415//415 416//416
f 417//417 418//418 412//412
f 417//417 412//412 411//411
f 414//414 413//413 408//408
f 414//414 408//408 407//407
f 419//419 420//420 421//421
f 419//419 421//421 422//422
f 423//423 424//424 425//425
f 423//423 425//425 426//426
f 422//422 421//421 427//427
f 422//422 427//427 428//428
f 429//429 430//430 424//424
f 429//429 424//424 423//423
f 426//426 425//425 418//418
f 426//426 418//418 417//417
f 416//416 415//415 420//420
f 416//416 420//420 419//419
f 431//431 432//432 433//433
f 431//431 433//433 434//434
f 435//435 436//436 437//437
f 435//435 437//437 438//438
f 434//434 433//433 439//439
f 434//434 439//439 440//440
f 441//441 442//442 436//436
f 441//441 436//436 435//435
f 438//438 437//437 430//430
f 438//438 430//430 429//429
f 428//428 427//427 432//432
f 428//428 432//432 431//431
f 443//443 444//444 442//442
f 443//443 442//442 441//441
f 445//445 446//446 290//290
f 445//445 290//290 289//289
f 447//447 448//448 449//449
f 447//447 449//449 450//450
f 451//451 452//452 448//448
f 451//451 448//448 447//447
f 450//450 449//449 453//453
f 450//450 453//453 454//454
f 455//455 456//456 452//452
f 455//455 452//452 451//451
f 454//454 453//453 133//133
f 454//454 133//133 457//457
f 371//371 370//370 456//456
f 371//371 456//456 455//455
f 458//458 459//459 460//460
f 458//458 460//460 461//461
f 197//197 196//196 459//459
f 197//197 459//459 458//458
f 461//461 460//460 462//462
f 461//461 462//462 463//463
f 464//464 465//465 466//466
f 464//464 466//466 467//467
f 468//468 469//469 470//470
f 468//468 470//470 471//471
f 472//472 473//473 465//465
f 472//472 465//465 464//464
f 467//467 466//466 174//174
f 467//467 174//174 173//173
f 474//474 475//475 476//476
f 474//474 476//476 477//477
f 477//477 476//476 478//478
f 477//477 478//478 479//479
f 480//480 481//481 475//475
f 480//480 475//475 474//474
f 288//288 287//287 482//482
f 288//288 482//482 483//483
f 292//292 291//291 280//280
f 292//292 280//280 279//279
f 484//484 485//485 486//486
f 484//484 486//486 487//487
f 488//488 489//489 490//490
f 488//488 490//490 491//491
f 492//492 493//493 494//494
f 492//492 494//494 495//495
f 491//491 490//490 496//496
f 491//491 496//496 497//497
f 498//498 499//499 500//500
f 498//498 500//500 501//501
f 502//502 503//503 504//504
f 502//502 504//504 505//505
f 506//506 507//507 499//499
f 506//506 499//499 498//498
f 508//508 509//509 510//510
f 508//508 510//510 511//511
f 512//512 513//513 514//514
f 512//512 514//514 515//515
f 505//505 504//504 513//513
f 505//505 513//513 512//512
f 515//515 514//514 509//509
f 515//515 509//509 508//508
f 516//516 517//517 518//518
f 516//516 518//518 519//519
f 519//519 518//518 520//520
f 519//519 520//520 521//521
f 522//522 523//523 524//524
f 522//522 524//524 525//525
f 526//526 527//527 528//528
f 526//526 528//528 529//529
f 530//530 531//531 523//523
f 530//530 523//523 522//522
f 532//532 533//533 534//534
f 532//532 534//534 535//535
f 536//536 537//537 538//538
f 536//536 538//538 539//539
f 540//540 541//541 542//542
f 540//540 542//542 543//543
f 544//544 545//545 546//546
f 544//544 546//546 547//547
f 548//548 549//549 550//550
f 548//548 550//550 551//551
f 552//552 553//553 554//554
f 552//552 554//554 555//555
f 556//556 557//557 553//553
f 556//556 553//553 552//552
f 547//547 546//546 558//558
f 547//547 558//558 559//559
f 543//543 542//542 560//560
f 543//543 560//560 561//561
f 562//562 563//563 545//545
f 562//562 545//545 544//544
f 564//564 565//565 566//566
f 564//564 566//566 567//567
f 568//568 569//569 570//570
f 568//568 570//570 571//571
f 572//572 573//573 574//574
f 572//572 574//574 575//575
f 576//576 577//577 578//578
f 576//576 578//578 579//579
f 580//580 581//581 582//582
f 580//580 582//582 583//583
f 571//571 570//570 573//573
f 571//571 573//573 572//572
f 584//584 585//585 586//586
f 584//584 586//586 587//587
f 145//145 144//144 569//569
f 145//145 569//569 568//568
f 588//588 589//589 590//590
f 588//588 590//590 591//591
f 591//591 590//590 585//585
f 591//591 585//585 584//584
f 587//587 586//586 565//565
f 587//587 565//565 564//564
f 592//592 593//593 594//594
f 592//592 594//594 595//595
f 596//596 597//597 577//577
f 596//596 577//577 576//576
f 598//598 599//599 600//600
f 598//598 600//600 601//601
f 602//602 603//603 604//604
f 602//602 604//604 605//605
f 606//606 607//607 608//608
f 606//606 608//608 609//609
f 610//610 611//611 612//612
f 610//610 612//612 613//613
f 614//614 615//615 616//616
f 614//614 616//616 617//617
f 605//605 604//604 618//618
f 605//605 618//618 619//619
f 609//609 608//608 620//620
f 609//609 620//620 621//621
f 622//622 623//623 611//611
f 622//622 611//611 610//610
f 624//624 625//625 607//607
f 624//624 607//607 606//606
f 626//626 627//627 623//623
f 626//626 623//623 622//622
f 628//628 551//551 550//550
f 628//628 550//550 629//629
f 628//628 629//629 630//630
f 628//628 630//630 631//631
f 561//561 560//560 632//632
f 561//561 632//632 633//633
f 302//302 301//301 310//310
f 302//302 310//310 309//309
f 634//634 635//635 254//254
f 634//634 254//254 253//253
f 632//632 557//557 556//556
f 632//632 556//556 633//633
f 375//375 374//374 635//635
f 375//375 635//635 634//634
f 559//559 558//558 541//541
f 559//559 541//541 540//540
f 636//636 637//637 203//203
f 636//636 203//203 202//202
f 638//638 639//639 640//640
f 638//638 640//640 641//641
f 639//639 579//579 578//578
f 639//639 578//578 640//640
f 638//638 641//641 146//146
f 638//638 146//146 149//149
f 642//642 643//643 644//644
f 642//642 644//644 645//645
f 645//645 644//644 195//195
f 645//645 195//195 194//194
f 184//184 183//183 643//643
f 184//184 643//643 642//642
f 595//595 594//594 597//597
f 595//595 597//597 596//596
f 567//567 566//566 581//581
f 567//567 581//581 580//580
f 471//471 470//470 473//473
f 471//471 473//473 472//472
f 583//583 582//582 593//593
f 583//583 593//593 592//592
f 463//463 462//462 469//469
f 463//463 469//469 468//468
f 613//613 612//612 625//625
f 613//613 625//625 624//624
f 617//617 616//616 627//627
f 617//617 627//627 626//626
f 382//382 381//381 377//377
f 382//382 377//377 376//376
f 282//282 281//281 286//286
f 282//282 286//286 285//285
f 270//270 269//269 276//276
f 270//270 276//276 275//275
f 501//501 500//500 493//493
f 501//501 493//493 492//492
f 209//209 208//208 489//489
f 209//209 489//489 488//488
f 521//521 520//520 507//507
f 521//521 507//507 506//506
f 497//497 496//496 503//503
f 497//497 503//503 502//502
f 213//213 212//212 190//190
f 213//213 190//190 189//189
f 199//199 646//646 186//186
f 199//199 186//186 185//185
f 487//487 486//486 211//211
f 487//487 211//211 210//210
f 188//188 187//187 207//207
f 188//188 207//207 206//206
f 495//495 494//494 647//647
f 495//495 647//647 648//648
f 91//91 649//649 650//650
f 91//91 650//650 651//651
f 651//651 650//650 652//652
f 651//651 652//652 653//653
f 223//223 222//222 654//654
f 223//223 654//654 655//655
f 655//655 654//654 656//656
f 655//655 656//656 657//657
f 653//653 652//652 215//215
f 653//653 215//215 214//214
f 217//217 216//216 658//658
f 217//217 658//658 659//659
f 659//659 658//658 660//660
f 659//659 660//660 661//661
f 648//648 647//647 662//662
f 648//648 662//662 663//663
f 663//663 662//662 219//219
f 663//663 219//219 218//218
f 661//661 660//660 485//485
f 661//661 485//485 484//484
f 363//363 362//362 249//249
f 363//363 249//249 248//248
f 357//357 356//356 361//361
f 357//357 361//361 360//360
f 245//245 244//244 247//247
f 245//245 247//247 246//246
f 231//231 230//230 239//239
f 231//231 239//239 238//238
f 235//235 234//234 229//229
f 235//235 229//229 228//228
f 241//241 240//240 225//225
f 241//241 225//225 224//224
f 664//664 665//665 666//666
f 664//664 666//666 667//667
f 349//349 348//348 668//668
f 349//349 668//668 669//669
f 379//379 378//378 384//384
f 379//379 384//384 383//383
f 665//665 664//664 670//670
f 665//665 670//670 671//671
f 671//671 670//670 669//669
f 671//671 669//669 668//668
f 555//555 554//554 549//549
f 555//555 549//549 548//548
f 316//316 315//315 258//258
f 316//316 258//258 257//257
f 525//525 524//524 367//367
f 525//525 367//367 366//366
f 672//672 673//673 365//365
f 672//672 365//365 364//364
f 575//575 574//574 589//589
f 575//575 589//589 588//588
f 176//176 175//175 192//192
f 176//176 192//192 191//191
f 674//674 563//563 562//562
f 674//674 562//562 675//675
f 631//631 630//630 674//674
f 631//631 674//674 675//675
f 438//438 429//429 676//676
f 438//438 676//676 677//677
f 376//376 379//379 678//678
f 376//376 678//678 679//679
f 428//428 431//431 680//680
f 428//428 680//680 681//681
f 188//188 206//206 682//682
f 188//188 682//682 683//683
f 443//443 441//441 684//684
f 443//443 684//684 685//685
f 487//487 210//210 686//686
f 487//487 686//686 687//687
f 445//445 289//289 688//688
f 445//445 688//688 689//689
f 241//241 224//224 690//690
f 241//241 690//690 691//691
f 238//238 241//241 691//691
f 238//238 691//691 692//692
f 447//447 450//450 693//693
f 447//447 693//693 694//694
f 235//235 228//228 695//695
f 235//235 695//695 696//696
f 451//451 447//447 694//694
f 451//451 694//694 697//697
f 232//232 235//235 696//696
f 232//232 696//696 698//698
f 450//450 454//454 699//699
f 450//450 699//699 693//693
f 236//236 232//232 698//698
f 236//236 698//698 700//700
f 455//455 451//451 697//697
f 455//455 697//697 701//701
f 231//231 238//238 692//692
f 231//231 692//692 702//702
f 275//275 278//278 703//703
f 275//275 703//703 704//704
f 454//454 457//457 705//705
f 454//454 705//705 699//699
f 242//242 245//245 706//706
f 242//242 706//706 707//707
f 228//228 231//231 702//702
f 228//228 702//702 695//695
f 285//285 271//271 708//708
f 285//285 708//708 709//709
f 371//371 455//455 701//701
f 371//371 701//701 710//710
f 245//245 246//246 711//711
f 245//245 711//711 706//706
f 458//458 461//461 712//712
f 458//458 712//712 713//713
f 363//363 248//248 714//714
f 363//363 714//714 715//715
f 197//197 458//458 713//713
f 197//197 713//713 716//716
f 227//227 94//94 95//95
f 227//227 95//95 717//717
f 461//461 463//463 718//718
f 461//461 718//718 712//712
f 7//7 252//252 719//719
f 7//7 719//719 93//93
f 464//464 467//467 720//720
f 464//464 720//720 721//721
f 224//224 227//227 717//717
f 224//224 717//717 690//690
f 463//463 468//468 722//722
f 463//463 722//722 718//718
f 316//316 257//257 723//723
f 316//316 723//723 724//724
f 488//488 491//491 725//725
f 488//488 725//725 726//726
f 471//471 472//472 727//727
f 471//471 727//727 728//728
f 256//256 262//262 729//729
f 256//256 729//729 730//730
f 492//492 495//495 731//731
f 492//492 731//731 732//732
f 474//474 477//477 733//733
f 474//474 733//733 734//734
f 262//262 261//261 735//735
f 262//262 735//735 736//736
f 477//477 479//479 737//737
f 477//477 737//737 733//733
f 267//267 270//270 738//738
f 267//267 738//738 739//739
f 480//480 474//474 734//734
f 480//480 734//734 740//740
f 271//271 274//274 741//741
f 271//271 741//741 708//708
f 288//288 483//483 742//742
f 288//288 742//742 743//743
f 270//270 275//275 704//704
f 270//270 704//704 738//738
f 292//292 279//279 744//744
f 292//292 744//744 745//745
f 279//279 282//282 746//746
f 279//279 746//746 744//744
f 502//502 505//505 747//747
f 502//502 747//747 748//748
f 484//484 487//487 687//687
f 484//484 687//687 749//749
f 278//278 284//284 750//750
f 278//278 750//750 703//703
f 506//506 498//498 751//751
f 506//506 751//751 752//752
f 209//209 488//488 726//726
f 209//209 726//726 753//753
f 282//282 285//285 709//709
f 282//282 709//709 746//746
f 501//501 492//492 732//732
f 501//501 732//732 754//754
f 284//284 288//288 743//743
f 284//284 743//743 750//750
f 491//491 497//497 755//755
f 491//491 755//755 725//725
f 289//289 292//292 745//745
f 289//289 745//745 688//688
f 498//498 501//501 754//754
f 498//498 754//754 751//751
f 293//293 296//296 756//756
f 293//293 756//756 757//757
f 497//497 502//502 748//748
f 497//497 748//748 755//755
f 521//521 506//506 752//752
f 521//521 752//752 759//759
f 91//91 651//651 760//760
f 91//91 760//760 92//92
f 185//185 188//188 683//683
f 185//185 683//683 761//761
f 508//508 511//511 762//762
f 508//508 762//762 763//763
f 189//189 181//181 764//764
f 189//189 764//764 765//765
f 198//198 766//766 646//646
f 198//198 646//646 199//199
f 512//512 515//515 767//767
f 512//512 767//767 768//768
f 299//299 302//302 769//769
f 299//299 769//769 770//770
f 505//505 512//512 768//768
f 505//505 768//768 747//747
f 303//303 299//299 770//770
f 303//303 770//770 771//771
f 515//515 508//508 763//763
f 515//515 763//763 767//767
f 305//305 308//308 772//772
f 305//305 772//772 773//773
f 309//309 312//312 774//774
f 309//309 774//774 775//775
f 206//206 209//209 753//753
f 206//206 753//753 682//682
f 519//519 521//521 759//759
f 519//519 759//759 776//776
f 366//366 3//3 2//2
f 366//366 2//2 777//777
f 313//313 316//316 724//724
f 313//313 724//724 778//778
f 379//379 383//383 779//779
f 379//379 779//779 678//678
f 210//210 213//213 780//780
f 210//210 780//780 686//686
f 522//522 525//525 781//781
f 522//522 781//781 782//782
f 312//312 318//318 783//783
f 312//312 783//783 774//774
f 526//526 529//529 784//784
f 526//526 784//784 785//785
f 319//319 313//313 778//778
f 319//319 778//778 786//786
f 530//530 522//522 782//782
f 530//530 782//782 787//787
f 318//318 322//322 788//788
f 318//318 788//788 783//783
f 323//323 319//319 786//786
f 323//323 786//786 789//789
f 393//393 396//396 790//790
f 393//393 790//790 791//791
f 792//792 793//793 539//539
f 792//792 539//539 538//538
f 202//202 205//205 794//794
f 202//202 794//794 795//795
f 322//322 326//326 796//796
f 322//322 796//796 788//788
f 346//346 349//349 797//797
f 346//346 797//797 798//798
f 364//364 358//358 799//799
f 364//364 799//799 800//800
f 327//327 323//323 789//789
f 327//327 789//789 801//801
f 332//332 335//335 802//802
f 332//332 802//802 803//803
f 205//205 337//337 804//804
f 205//205 804//804 794//794
f 651//651 653//653 805//805
f 651//651 805//805 760//760
f 338//338 341//341 806//806
f 338//338 806//806 807//807
f 670//670 664//664 808//808
f 670//670 808//808 809//809
f 342//342 810//810 811//811
f 342//342 811//811 343//343
f 350//350 353//353 812//812
f 350//350 812//812 813//813
f 223//223 655//655 814//814
f 223//223 814//814 815//815
f 308//308 177//177 816//816
f 308//308 816//816 772//772
f 669//669 670//670 809//809
f 669//669 809//809 817//817
f 180//180 303//303 771//771
f 180//180 771//771 818//818
f 655//655 657//657 819//819
f 655//655 819//819 814//814
f 354//354 357//357 820//820
f 354//354 820//820 821//821
f 358//358 354//354 821//821
f 358//358 821//821 799//799
f 357//357 360//360 822//822
f 357//357 822//822 820//820
f 672//672 364//364 800//800
f 672//672 800//800 823//823
f 525//525 366//366 777//777
f 525//525 777//777 781//781
f 653//653 214//214 824//824
f 653//653 824//824 805//805
f 368//368 371//371 710//710
f 368//368 710//710 825//825
f 335//335 368//368 825//825
f 335//335 825//825 802//802
f 372//372 338//338 807//807
f 372//372 807//807 826//826
f 248//248 242//242 707//707
f 248//248 707//707 714//714
f 260//260 375//375 827//827
f 260//260 827//827 828//828
f 221//221 223//223 815//815
f 221//221 815//815 829//829
f 642//642 645//645 830//830
f 642//642 830//830 831//831
f 217//217 659//659 832//832
f 217//217 832//832 833//833
f 349//349 669//669 817//817
f 349//349 817//817 797//797
f 191//191 193//193 834//834
f 191//191 834//834 835//835
f 645//645 194//194 836//836
f 645//645 836//836 830//830
f 664//664 667//667 837//837
f 664//664 837//837 808//808
f 263//263 838//838 380//380
f 263//263 380//380 264//264
f 659//659 661//661 839//839
f 659//659 839//839 832//832
f 184//184 642//642 831//831
f 184//184 831//831 840//840
f 382//382 376//376 679//679
f 382//382 679//679 841//841
f 257//257 260//260 828//828
f 257//257 828//828 723//723
f 264//264 382//382 841//841
f 264//264 841//841 265//265
f 194//194 197//197 716//716
f 194//194 716//716 836//836
f 648//648 663//663 842//842
f 648//648 842//842 843//843
f 383//383 386//386 844//844
f 383//383 844//844 779//779
f 302//302 309//309 775//775
f 302//302 775//775 769//769
f 387//387 267//267 739//739
f 387//387 739//739 845//845
f 360//360 363//363 715//715
f 360//360 715//715 822//822
f 389//389 392//392 846//846
f 389//389 846//846 847//847
f 663//663 218//218 848//848
f 663//663 848//848 842//842
f 472//472 464//464 721//721
f 472//472 721//721 727//727
f 634//634 253//253 849//849
f 634//634 849//849 850//850
f 397//397 400//400 851//851
f 397//397 851//851 852//852
f 403//403 397//397 852//852
f 403//403 852//852 853//853
f 405//405 293//293 757//757
f 405//405 757//757 854//854
f 661//661 484//484 749//749
f 661//661 749//749 839//839
f 407//407 403//403 853//853
f 407//407 853//853 855//855
f 214//214 217//217 833//833
f 214//214 833//833 824//824
f 375//375 634//634 850//850
f 375//375 850//850 827//827
f 218//218 221//221 829//829
f 218//218 829//829 848//848
f 468//468 471//471 728//728
f 468//468 728//728 722//722
f 253//253 256//256 730//730
f 253//253 730//730 849//849
f 411//411 414//414 857//857
f 411//411 857//857 858//858
f 495//495 648//648 843//843
f 495//495 843//843 731//731
f 410//410 416//416 859//859
f 410//410 859//859 856//856
f 417//417 411//411 858//858
f 417//417 858//858 860//860
f 414//414 407//407 855//855
f 414//414 855//855 857//857
f 419//419 422//422 861//861
f 419//419 861//861 862//862
f 423//423 426//426 863//863
f 423//423 863//863 864//864
f 173//173 176//176 865//865
f 173//173 865//865 866//866
f 422//422 428//428 681//681
f 422//422 681//681 861//861
f 177//177 180//180 818//818
f 177//177 818//818 816//816
f 429//429 423//423 864//864
f 429//429 864//864 676//676
f 181//181 184//184 840//840
f 181//181 840//840 764//764
f 426//426 417//417 860//860
f 426//426 860//860 863//863
f 199//199 185//185 761//761
f 199//199 761//761 200//200
f 416//416 419//419 862//862
f 416//416 862//862 859//859
f 213//213 189//189 765//765
f 213//213 765//765 780//780
f 431//431 434//434 867//867
f 431//431 867//867 680//680
f 176//176 191//191 835//835
f 176//176 835//835 865//865
f 435//435 438//438 677//677
f 435//435 677//677 868//868
f 330//330 329//329 869//869
f 330//330 869//869 870//870
f 434//434 440//440 871//871
f 434//434 871//871 867//867
f 246//246 236//236 700//700
f 246//246 700//700 711//711
f 441//441 435//435 868//868
f 441//441 868//868 684//684
f 636//636 202//202 795//795
f 636//636 795//795 872//872
f 556//556 873//873 874//874
f 556//556 874//874 633//633
f 561//561 875//875 876//876
f 561//561 876//876 543//543
f 628//628 877//877 878//878
f 628//628 878//878 551//551
f 544//544 879//879 880//880
f 544//544 880//880 562//562
f 552//552 881//881 873//873
f 552//552 873//873 556//556
f 555//555 882//882 881//881
f 555//555 881//881 552//552
f 540//540 883//883 884//884
f 540//540 884//884 559//559
f 562//562 880//880 885//885
f 562//562 885//885 675//675
f 548//548 886//886 882//882
f 548//548 882//882 555//555
f 631//631 887//887 877//877
f 631//631 877//877 628//628
f 559//559 884//884 888//888
f 559//559 888//888 547//547
f 543//543 876//876 883//883
f 543//543 883//883 540//540
f 675//675 885//885 887//887
f 675//675 887//887 631//631
f 633//633 874//874 875//875
f 633//633 875//875 561//561
f 551//551 878//878 886//886
f 551//551 886//886 548//548
f 547//547 888//888 879//879
f 547//547 879//879 544//544
f 591//591 889//889 890//890
f 591//591 890//890 588//588
f 572//572 891//891 892//892
f 572//572 892//892 571//571
f 639//639 893//893 894//894
f 639//639 894//894 579//579
f 588//588 890//890 895//895
f 588//588 895//895 575//575
f 576//576 896//896 897//897
f 576//576 897//897 596//596
f 571//571 892//892 898//898
f 571//571 898//898 568//568
f 575//575 895//895 891//891
f 575//575 891//891 572//572
f 149//149 153//153 899//899
f 149//149 899//899 638//638
f 592//592 900//900 901//901
f 592//592 901//901 583//583
f 568//568 898//898 150//150
f 568//568 150//150 145//145
f 583//583 901//901 902//902
f 583//583 902//902 580//580
f 564//564 903//903 904//904
f 564//564 904//904 587//587
f 584//584 905//905 889//889
f 584//584 889//889 591//591
f 579//579 894//894 896//896
f 579//579 896//896 576//576
f 587//587 904//904 905//905
f 587//587 905//905 584//584
f 596//596 897//897 906//906
f 596//596 906//906 595//595
f 595//595 906//906 900//900
f 595//595 900//900 592//592
f 638//638 899//899 893//893
f 638//638 893//893 639//639
f 580//580 902//902 907//907
f 580//580 907//907 567//567
f 567//567 907//907 903//903
f 567//567 903//903 564//564
f 609//609 908//908 909//909
f 609//609 909//909 606//606
f 610//610 910//910 911//911
f 610//610 911//911 622//622
f 624//624 912//912 913//913
f 624//624 913//913 613//613
f 626//626 914//914 915//915
f 626//626 915//915 617//617
f 622//622 911//911 914//914
f 622//622 914//914 626//626
f 619//619 916//916 917//917
f 619//619 917//917 605//605
f 614//614 918//918 919//919
f 614//614 919//919 601//601
f 606//606 909//909 912//912
f 606//606 912//912 624//624
f 613//613 913//913 910//910
f 613//613 910//910 610//610
f 602//602 920//920 921//921
f 602//602 921//921 621//621
f 598//598 922//922 916//916
f 598//598 916//916 619//619
f 621//621 921//921 908//908
f 621//621 908//908 609//609
f 274//274 389//389 847//847
f 274//274 847//847 741//741
f 386//386 387//387 845//845
f 386//386 845//845 844//844
f 274//274 273//273 390//390
f 274//274 390//390 389//389
f 386//386 385//385 388//388
f 386//386 388//388 387//387
f 479//479 346//346 798//798
f 479//479 798//798 737//737
f 392//392 480//480 740//740
f 392//392 740//740 846//846
f 392//392 391//391 481//481
f 392//392 481//481 480//480
f 479//479 478//478 347//347
f 479//479 347//347 346//346
f 923//923 924//924 925//925
f 923//923 925//925 926//926
f 923//923 927//927 928//928
f 923//923 928//928 924//924
f 440//440 439//439 929//929
f 440//440 929//929 930//930
f 440//440 930//930 931//931
f 440//440 931//931 871//871
f 924//924 928//928 444//444
f 924//924 444//444 443//443
f 932//932 933//933 934//934
f 932//932 934//934 935//935
f 533//533 532//532 935//935
f 533//533 935//935 934//934
f 529//529 528//528 933//933
f 529//529 933//933 932//932
f 535//535 534//534 793//793
f 535//535 793//793 792//792
f 932//932 935//935 936//936
f 932//932 936//936 937//937
f 935//935 532//532 938//938
f 935//935 938//938 936//936
f 535//535 792//792 939//939
f 535//535 939//939 940//940
f 538//538 537//537 941//941
f 538//538 941//941 942//942
f 532//532 535//535 940//940
f 532//532 940//940 938//938
f 792//792 538//538 942//942
f 792//792 942//942 939//939
f 529//529 932//932 937//937
f 529//529 937//937 784//784
f 337//337 943//943 944//944
f 337//337 944//944 804//804
f 945//945 332//332 803//803
f 945//945 803//803 946//946
f 337//337 336//336 947//947
f 337//337 947//947 943//943
f 945//945 948//948 333//333
f 945//945 333//333 332//332
f 341//341 340//340 948//948
f 341//341 948//948 945//945
f 341//341 945//945 946//946
f 341//341 946//946 806//806
f 943//943 372//372 826//826
f 943//943 826//826 944//944
f 943//943 947//947 373//373
f 943//943 373//373 372//372
f 949//949 950//950 927//927
f 949//949 927//927 923//923
f 949//949 923//923 926//926
f 949//949 926//926 951//951
f 952//952 953//953 954//954
f 952//952 954//954 955//955
f 483//483 949//949 951//951
f 483//483 951//951 742//742
f 483//483 482//482 950//950
f 483//483 950//950 949//949
f 953//953 445//445 689//689
f 953//953 689//689 954//954
f 953//953 956//956 446//446
f 953//953 446//446 445//445
f 331//331 330//330 957//957
f 870//870 869//869 958//958
f 870//870 958//958 959//959
f 959//959 958//958 960//960
f 959//959 960//960 961//961
f 961//961 960//960 766//766
f 961//961 766//766 198//198
f 962//962 870//870 959//959
f 962//962 959//959 963//963
f 963//963 959//959 961//961
f 963//963 961//961 964//964
f 964//964 961//961 198//198
f 964//964 198//198 201//201
f 330//330 870//870 962//962
f 330//330 962//962 957//957
f 537//537 530//530 787//787
f 537//537 787//787 941//941
f 252//252 526//526 785//785
f 252//252 785//785 719//719
f 537//537 536//536 531//531
f 537//537 531//531 530//530
f 252//252 251//251 527//527
f 252//252 527//527 526//526
f 965//965 966//966 967//967
f 965//965 967//967 516//516
f 517//517 516//516 967//967
f 516//516 519//519 776//776
f 516//516 776//776 968//968
f 969//969 965//965 970//970
f 969//969 970//970 971//971
f 965//965 516//516 968//968
f 965//965 968//968 970//970
f 343//343 811//811 972//972
f 343//343 972//972 973//973
f 736//736 735//735 838//838
f 736//736 838//838 263//263
f 263//263 266//266 974//974
f 263//263 974//974 736//736
f 344//344 343//343 973//973
f 344//344 973//973 975//975
f 262//262 736//736 974//974
f 262//262 974//974 729//729
f 976//976 977//977 810//810
f 976//976 810//810 342//342
f 978//978 976//976 342//342
f 978//978 342//342 345//345
f 979//979 980//980 981//981
f 979//979 981//981 982//982
f 983//983 984//984 980//980
f 983//983 980//980 979//979
f 985//985 986//986 984//984
f 985//985 984//984 983//983
f 987//987 985//985 988//988
f 987//987 988//988 989//989
f 987//987 990//990 986//986
f 987//987 986//986 985//985
f 979//979 982//982 991//991
f 979//979 991//991 992//992
f 983//983 979//979 992//992
f 983//983 992//992 993//993
f 985//985 983//983 993//993
f 985//985 993//993 988//988
f 637//637 636//636 982//982
f 637//637 982//982 981//981
f 973//973 972//972 990//990
f 973//973 990//990 987//987
f 973//973 987//987 989//989
f 973//973 989//989 975//975
f 982//982 636//636 872//872
f 982//982 872//872 991//991
f 617//617 915//915 918//918
f 617//617 918//918 614//614
f 667//667 393//393 791//791
f 667//667 791//791 837//837
f 601//601 600//600 615//615
f 601//601 615//615 614//614
f 667//667 666//666 394//394
f 667//667 394//394 393//393
f 601//601 919//919 922//922
f 601//601 922//922 598//598
f 396//396 994//994 995//995
f 396//396 995//995 790//790
f 619//619 618//618 599//599
f 619//619 599//599 598//598
f 396//396 395//395 996//996
f 396//396 996//996 994//994
f 326//326 325//325 997//997
f 326//326 997//997 998//998
f 999//999 1000//1000 1001//1001
f 999//999 1001//1001 1002//1002
f 999//999 1003//1003 1004//1004
f 999//999 1004//1004 1000//1000
f 1005//1005 1006//1006 1007//1007
f 1005//1005 1007//1007 1008//1008
f 296//296 295//295 1009//1009
f 296//296 1009//1009 1010//1010
f 296//296 1010//1010 1011//1011
f 296//296 1011//1011 756//756
f 1000//1000 405//405 854//854
f 1000//1000 854//854 1001//1001
f 1000//1000 1004//1004 406//406
f 1000//1000 406//406 405//405
f 1012//1012 1013//1013 1008//1008
f 1012//1012 1008//1008 1007//1007
f 1014//1014 1015//1015 1013//1013
f 1014//1014 1013//1013 1012//1012
f 1014//1014 1012//1012 1016//1016
f 1014//1014 1016//1016 1017//1017
f 1018//1018 297//297 758//758
f 1018//1018 758//758 1019//1019
f 1018//1018 1020//1020 298//298
f 1018//1018 298//298 297//297
f 1010//1010 1014//1014 1017//1017
f 1010//1010 1017//1017 1011//1011
f 1010//1010 1009//1009 1015//1015
f 1010//1010 1015//1015 1014//1014
f 1020//1020 1018//1018 1006//1006
f 1020//1020 1006//1006 1005//1005
f 1007//1007 1006//1006 1021//1021
f 1007//1007 1021//1021 1022//1022
f 1012//1012 1007//1007 1022//1022
f 1012//1012 1022//1022 1016//1016
f 1019//1019 1021//1021 1006//1006
f 1019//1019 1006//1006 1018//1018
f 1023//1023 401//401 1024//1024
f 1023//1023 1024//1024 1025//1025
f 1023//1023 1026//1026 402//402
f 1023//1023 402//402 401//401
f 400//400 399//399 1026//1026
f 400//400 1026//1026 1023//1023
f 400//400 1023//1023 1025//1025
f 400//400 1025//1025 851//851
f 1027//1027 1028//1028 1029//1029
f 1027//1027 1029//1029 1030//1030
f 1031//1031 1032//1032 1033//1033
f 1031//1031 1033//1033 1034//1034
f 1027//1027 1035//1035 1036//1036
f 1027//1027 1036//1036 1028//1028
f 1031//1031 1037//1037 1038//1038
f 1031//1031 1038//1038 1032//1032
f 1039//1039 1040//1040 1037//1037
f 1039//1039 1037//1037 1031//1031
f 1039//1039 1031//1031 1034//1034
f 1039//1039 1034//1034 1041//1041
f 1028//1028 350//350 813//813
f 1028//1028 813//813 1029//1029
f 1028//1028 1036//1036 351//351
f 1028//1028 351//351 350//350
f 167//167 166//166 1035//1035
f 167//167 1035//1035 1027//1027
f 167//167 1027//1027 1030//1030
f 167//167 1030//1030 171//171
f 1032//1032 305//305 773//773
f 1032//1032 773//773 1033//1033
f 1032//1032 1038//1038 306//306
f 1032//1032 306//306 305//305
f 173//173 467//467 720//720
f 173//173 720//720 866//866
f 605//605 917//917 920//920
f 605//605 920//920 602//602
f 621//621 620//620 603//603
f 621//621 603//603 602//602
f 812//812 353//353 1042//1042
f 812//812 1042//1042 1043//1043
f 353//353 352//352 1044//1044
f 353//353 1044//1044 1042//1042
f 1039//1039 1041//1041 1045//1045
f 1039//1039 1045//1045 1046//1046
f 1040//1040 1039//1039 1046//1046
f 1040//1040 1046//1046 1047//1047
f 134//134 1048//1048 156//156
f 134//134 156//156 135//135
f 1048//1048 137//137 139//139
f 1048//1048 139//139 156//156
f 1049//1049 140//140 143//143
f 1049//1049 143//143 1050//1050
f 147//147 1049//1049 1050//1050
f 147//147 1050//1050 148//148
f 1050//1050 143//143 154//154
f 1050//1050 154//154 1051//1051
f 148//148 1050//1050 1051//1051
f 148//148 1051//1051 152//152
f 705//705 136//136 135//135
f 705//705 135//135 155//155
f 996//996 1052//1052 995//995
f 996//996 995//995 994//994
f 673//673 672//672 823//823
f 673//673 823//823 1053//1053
f 969//969 1054//1054 965//965
f 952//952 1055//1055 956//956
f 952//952 956//956 953//953
f 931//931 930//930 929//929
f 931//931 929//929 1056//1056
f 952//952 955//955 1057//1057
f 952//952 1057//1057 1055//1055
f 925//925 924//924 443//443
f 925//925 443//443 685//685
