# Generated by scripts/generate_campus_collision.py
# Source materials: Wall, Wall_Grey
o wall_boundary_collision
v 4.159649 21.473896 2.000000
v 4.159648 21.473896 0.203959
v 8.249706 28.100185 0.203959
v 8.249706 28.100185 2.000000
v 8.399136 18.851011 2.000000
v 8.399136 18.851011 0.203959
v 4.159648 21.473896 2.703959
v 8.249706 28.100185 2.703959
v 19.777313 11.811563 2.703959
v 28.538418 6.391247 2.703959
v 28.538418 6.391247 2.000000
v 19.777313 11.811563 2.000000
v 28.538418 6.391247 0.203959
v 19.777313 11.811563 0.203959
v 18.756828 12.442917 2.000000
v 18.756828 12.442919 0.203959
v 9.419621 18.219658 0.203959
v 9.419622 18.219658 2.000000
v 9.419621 18.219658 2.703959
v 18.756828 12.442919 2.703959
v 8.399136 18.851011 2.703959
v 33.636940 3.236895 0.203959
v 29.558903 5.759892 0.203959
v 29.558903 5.759892 2.000000
v 33.636940 3.236895 2.000000
v 29.558903 5.759892 2.703959
v 33.636940 3.236895 2.703959
v 45.321667 -105.929176 2.000000
v 44.135036 -107.732162 2.000000
v 44.134586 -107.733017 0.217381
v 45.321213 -105.930023 0.217381
v 64.049644 -97.966118 0.217381
v 57.054920 -108.594025 0.217381
v 57.058353 -108.587341 2.000000
v 64.053085 -97.959450 2.000000
v 54.379990 -112.658371 0.217381
v 53.295483 -114.306198 0.217381
v 53.298916 -114.299515 2.000000
v 54.383423 -112.651703 2.000000
v 45.321663 -105.929161 2.717262
v 44.135033 -107.732147 2.717262
v 48.239357 -101.495979 2.000000
v 48.239357 -101.495979 2.717262
v 54.383423 -112.651703 2.717262
v 53.298912 -114.299515 2.717262
v 64.053078 -97.959435 2.717262
v 57.058350 -108.587341 2.717262
v 48.238911 -101.496841 0.217381
v 54.277687 -92.321243 2.000000
v 54.277687 -92.321236 2.717262
v 48.899075 -100.493591 2.717262
v 48.899075 -100.493591 2.000000
v 52.635765 -115.308578 0.217381
v 47.179703 -123.598618 0.217381
v 47.183136 -123.591949 2.000000
v 52.639194 -115.301910 2.000000
v 52.639194 -115.301910 2.717262
v 47.183136 -123.591949 2.717262
v 43.475319 -108.734543 2.000000
v 43.475315 -108.734528 2.717262
v 37.407742 -117.953720 2.717262
v 37.407742 -117.953720 2.000000
v 37.407291 -117.954590 0.217381
v 43.474865 -108.735397 0.217381
v 32.913792 -98.321892 2.717262
v 32.913795 -98.321899 2.000000
v 32.913345 -98.322754 0.217381
v 66.543869 -120.241058 0.217381
v 66.547302 -120.234390 2.000000
v 66.547302 -120.234390 2.717262
v 56.395199 -109.596405 0.217381
v 56.398628 -109.589737 2.000000
v 56.398628 -109.589737 2.717262
v 48.898628 -100.494461 0.217381
v 54.277241 -92.322098 0.217381
v 142.643402 -54.738785 2.000000
v 136.233490 -65.031174 2.000000
v 136.233490 -65.031158 0.217381
v 142.643402 -54.738777 0.217381
v 92.564201 -109.390228 2.000000
v 115.719139 -123.257690 2.000000
v 115.719139 -123.257690 0.217381
v 92.564201 -109.390228 0.217381
v 85.178978 -104.817604 2.000000
v 85.178978 -104.817604 0.217381
v 85.078278 -121.375412 2.000000
v 77.510246 -117.083755 2.000000
v 77.510246 -117.083755 0.217381
v 85.078278 -121.375412 0.217381
v 81.309502 -111.006851 2.000000
v 81.309502 -111.006851 0.217381
v 80.034035 -130.450378 2.000000
v 80.034035 -130.450378 0.217381
v 66.873306 -93.637711 2.000000
v 66.868835 -93.646393 0.217381
v 59.435390 -131.546341 2.000000
v 47.067760 -123.987885 2.000000
v 47.070568 -123.982407 0.217381
v 59.438419 -131.540466 0.217381
v 70.380287 -114.892792 2.000000
v 70.379311 -114.894699 0.217381
v 79.281158 -101.349442 2.000000
v 79.276924 -101.357651 0.217381
v 124.871635 -108.454361 2.000000
v 113.500130 -101.022690 2.000000
v 113.500130 -101.022690 0.217381
v 124.871635 -108.454361 0.217381
v 132.828415 -71.451210 2.000000
v 144.199905 -78.882896 2.000000
v 144.199905 -78.882881 0.217381
v 132.828415 -71.451202 0.217381
v 130.744186 -99.469589 2.000000
v 130.744186 -99.469589 0.217381
v 38.616047 -4.553717 2.000000
v 44.889076 5.717765 2.000000
v 44.889076 5.717765 0.217381
v 38.616058 -4.553728 0.217381
v 105.033524 -31.327169 2.000000
v 116.859322 -38.688576 2.000000
v 116.859322 -38.688576 0.217381
v 105.033524 -31.327169 0.217381
v 77.725121 -14.328104 2.000000
v 77.725121 -14.328104 0.217381
v 71.103592 -24.516489 2.000000
v 71.103592 -24.516489 0.217381
v 92.678276 -23.636232 2.000000
v 92.678276 -23.636232 0.217381
v 110.365410 -48.939667 2.000000
v 110.365410 -48.939659 0.217381
v 67.222305 -30.581034 2.000000
v 67.222305 -30.581034 0.217381
v 106.484100 -55.004211 2.000000
v 106.484077 -55.004211 0.217381
v 109.829666 -131.239273 2.000000
v 103.466034 -133.491028 2.000000
v 103.466034 -133.491028 0.217381
v 109.829666 -131.239273 0.217381
v 88.009224 -134.126404 2.000000
v 88.009224 -134.126404 0.217381
v 95.778175 -134.795502 2.000000
v 95.778175 -134.795502 0.217381
v 98.435829 -67.328125 2.000000
v 91.368370 -62.931770 2.000000
v 91.368370 -62.931763 0.217381
v 98.435822 -67.328140 0.217381
v 73.652351 -51.911339 2.000000
v 73.652351 -51.911331 0.217381
v 59.174042 -42.904961 2.000000
v 59.174042 -42.904961 0.217381
v 40.350483 -31.653456 2.000000
v 40.350483 -31.653456 0.217381
v 48.544308 -18.892885 2.000000
v 48.544308 -18.892885 0.217381
v 27.900829 -24.233969 2.000000
v 36.094624 -11.473383 2.000000
v 36.094624 -11.473383 0.217381
v 27.900829 -24.233969 0.217381
v 29.143246 -49.119331 2.000000
v 16.693558 -41.699837 2.000000
v 16.693558 -41.699837 0.217381
v 29.143246 -49.119331 0.217381
v 124.780151 -83.775116 2.000000
v 124.780144 -83.775124 0.217381
v 113.500130 -101.022690 2.717262
v 124.780144 -83.775101 2.717262
v 98.435829 -67.328117 2.717262
v 106.484093 -55.004204 2.717262
v 132.828415 -71.451202 2.717262
v 16.693558 -41.699837 2.717262
v 27.900829 -24.233969 2.717262
v 40.350483 -31.653456 2.717262
v 29.143246 -49.119331 2.717262
v 36.094624 -11.473383 2.717262
v 48.544308 -18.892885 2.717262
v 67.222305 -30.581034 2.717262
v 59.174042 -42.904961 2.717262
v 73.652351 -51.911331 2.717262
v 91.368370 -62.931763 2.717262
v 110.365410 -48.939659 2.717262
v 71.103592 -24.516489 2.717262
v 116.859322 -38.688576 2.717262
v 142.643402 -54.738777 2.717262
v 136.233490 -65.031158 2.717262
v 77.725121 -14.328104 2.717262
v 92.678268 -23.636225 2.717262
v 38.616047 -4.553717 2.717262
v 44.889076 5.717765 2.717262
v 105.033524 -31.327169 2.717262
v 144.199905 -78.882881 2.717262
v 124.871635 -108.454361 2.717262
v 130.087646 -100.474075 0.217381
v 130.087646 -100.474075 2.000000
v 41.544685 -84.581337 2.000000
v 44.612885 -79.837578 2.000000
v 44.611084 -79.841072 0.217381
v 41.544022 -84.582611 0.217381
v 37.755657 -118.267700 2.000000
v 24.887127 -110.335770 2.000000
v 24.892620 -110.325058 0.217381
v 37.761395 -118.256531 0.217381
v 47.067760 -123.987885 2.717262
v 37.755646 -118.267685 2.717262
v 57.320789 -87.580605 2.000000
v 57.319210 -87.583672 0.217381
v 76.455200 -105.649338 2.000000
v 76.452003 -105.655548 0.217381
v 35.704357 -93.611137 2.000000
v 35.705853 -93.608208 0.217381
v 24.887119 -110.335770 2.717262
v 35.704353 -93.611130 2.717262
v 41.544682 -84.581329 2.717262
v 57.320782 -87.580605 2.717262
v 76.455193 -105.649323 2.717262
v 70.380287 -114.892792 2.717262
v 79.281151 -101.349426 2.717262
v 44.612881 -79.837570 2.717262
v 66.873299 -93.637695 2.717262
v 59.435394 -131.546341 2.717262
v 28.796978 -5.484577 2.717262
v 1.391180 12.035761 2.717262
v 1.391180 12.035761 0.217381
v 28.796986 -5.484587 0.217381
v 39.538219 12.847548 2.717262
v 39.538219 12.847548 0.217381
v 12.186897 29.333586 2.717262
v 12.186897 29.333584 0.217381
v -15.501481 51.882324 2.173811
v -15.501481 51.882324 2.717262
v -17.301064 59.898232 2.717262
v -17.301064 59.898232 2.173811
v -4.602004 62.476669 2.717262
v -4.602006 62.476669 2.173811
v 11.433340 65.732513 0.217381
v 11.433337 65.732521 2.173811
v 13.310825 57.369591 2.173811
v 13.310823 57.369598 0.217381
v -117.411629 39.415733 2.173811
v -106.521233 33.454697 2.173811
v -106.521233 33.454704 0.217381
v -117.411636 39.415733 0.217381
v -120.039345 0.609026 2.173811
v -132.698578 5.791754 2.173811
v -132.698578 5.791754 0.217381
v -120.039345 0.609026 0.217381
v -102.046204 7.424887 2.173811
v -106.958466 -5.007414 2.173811
v -106.958466 -5.007414 0.217381
v -102.046204 7.424887 0.217381
v -63.984104 35.469093 2.173811
v -71.873032 31.504463 2.173811
v -71.873032 31.504456 0.217381
v -63.984104 35.469086 0.217381
v -71.328056 53.345299 2.173811
v -56.360924 56.591286 2.173811
v -56.360928 56.591293 0.217381
v -71.328056 53.345299 0.217381
v -40.662586 56.542542 2.173811
v -28.646454 53.975037 2.173811
v -28.646450 53.975029 0.217381
v -40.662586 56.542549 0.217381
v -33.430611 34.995983 2.173811
v -41.892391 38.038429 2.173811
v -41.892391 38.038429 0.217381
v -33.430599 34.995979 0.217381
v -49.781231 56.780525 2.173811
v -49.781231 56.780525 0.217381
v -77.506561 27.999956 2.173811
v -82.771042 23.449844 2.173811
v -82.771042 23.449844 0.217381
v -77.506554 27.999960 0.217381
v -87.208885 44.408974 2.173811
v -81.895531 48.874359 2.173811
v -81.895531 48.874367 0.217381
v -87.208885 44.408974 0.217381
v -86.091698 19.184515 2.173811
v -88.800179 14.460035 2.173811
v -88.800179 14.460035 0.217381
v -86.091698 19.184519 0.217381
v -18.211861 51.344627 2.173811
v -18.211868 51.344612 0.217381
v -26.706264 32.638088 2.173811
v -26.706264 32.638088 0.217381
v -92.646095 4.509605 2.173811
v -92.646095 4.509605 0.217381
v -98.793129 32.537033 2.173811
v -93.960701 38.110695 2.173811
v -93.960701 38.110695 0.217381
v -98.793137 32.537041 0.217381
v 8.256664 28.299911 2.717262
v 8.256663 28.299915 0.217381
v 16.711815 42.220512 2.173811
v 16.711819 42.220520 2.717262
v 18.315575 35.076870 2.717262
v 18.315575 35.076870 2.173811
v 11.433337 65.732521 2.717262
v 13.310823 57.369598 2.717262
v 14.874454 50.404694 2.717262
v 14.874457 50.404694 2.173811
v 16.711819 42.220516 0.217381
v 18.315575 35.076870 0.217381
v -17.301060 59.898224 0.217381
v -4.602002 62.476662 0.217381
v -15.501479 51.882317 0.217381
v -123.689865 27.132368 2.173811
v -129.483246 13.903700 2.173811
v -129.483246 13.903708 2.717262
v -123.689865 27.132368 2.717262
v -123.689865 27.132368 0.217381
v -132.698578 5.791761 2.717262
v -117.411636 39.415733 2.717262
v -129.483246 13.903708 0.217381
v -106.958466 -5.007414 2.717262
v -120.039345 0.609030 2.717262
v -102.046204 7.424891 2.717262
v -106.521233 33.454704 2.717262
v -93.960701 38.110695 2.717262
v -87.208885 44.408974 2.717262
v -81.895531 48.874367 2.717262
v -71.328056 53.345299 2.717262
v -98.793137 32.537041 2.717262
v -88.800179 14.460039 2.717262
v -92.646095 4.509605 2.717262
v -26.706264 32.638092 2.717262
v -33.430614 34.995987 2.717262
v -28.646450 53.975037 2.717262
v -18.211861 51.344627 2.717262
v -15.591985 40.896378 2.173811
v -15.591985 40.896378 0.217381
v -86.091698 19.184519 2.717262
v -77.506554 27.999960 2.717262
v -82.771042 23.449850 2.717262
v -56.360928 56.591293 2.717262
v -49.781231 56.780525 2.717262
v -47.947422 38.377304 2.173811
v -55.867004 37.887852 2.173811
v -55.867001 37.887844 0.217381
v -47.947422 38.377296 0.217381
v -41.892391 38.038429 2.717262
v -40.662586 56.542549 2.717262
v -63.984104 35.469093 2.717262
v -71.873032 31.504463 2.717262
v -59.925556 36.933559 2.717262
v -59.925556 36.933559 2.173811
v -59.925556 36.933559 0.217381
v -15.591987 40.896381 2.717262
v -28.362167 29.685566 2.173811
v -28.362167 29.685570 2.717262
v -28.362167 29.685566 0.217381
v -13.137582 41.352779 0.217381
v -13.137582 41.352779 2.173811
v -13.146281 41.391548 2.173811
v -13.146281 41.391548 0.217381
v -13.137582 41.352783 2.717262
v -13.146285 41.391548 2.717262
v -0.919360 13.475952 2.717262
v -0.919359 13.475948 0.217381
v -23.467598 26.851868 0.217381
v -23.066978 26.619930 2.717262
v -14.666076 21.756248 0.217381
v -14.495948 21.657761 2.717262
v 7.583942 32.897896 2.173811
v 7.583937 32.897900 0.217381
v 7.583941 32.897900 2.717262
v -3.425998 62.715446 0.217381
v -3.426002 62.715454 2.173811
v -47.947422 38.377304 2.717262
v -55.867004 37.887852 2.717262
v -109.046593 29.010130 2.717262
v -109.046593 29.010122 2.173811
v -109.046593 29.010130 0.217381
v -103.232552 26.710089 2.173811
v -103.232559 26.710096 0.217381
v -103.232559 26.710096 2.717262
v -10.418824 29.242584 2.173811
v -10.418825 29.242584 2.717262
v -10.418830 29.242586 0.217381
v -114.817490 11.943182 2.717262
v -114.817490 11.943174 2.173811
v -114.817490 11.943182 0.217381
v -119.753014 0.647455 2.717262
v -119.753014 0.647451 2.173811
v -119.753014 0.647451 0.217381
v -2.072779 43.756790 2.717262
v -2.072778 43.756786 2.173811
v -2.072778 43.756786 0.217381
v -3.367983 49.779205 0.217381
v -3.367985 49.779205 2.173811
v -3.367986 49.779213 2.717262
v -2.397447 30.871262 2.717262
v -2.397446 30.871260 2.173811
v -22.988388 26.881916 0.217381
v -22.988388 26.881916 2.173811
v -19.756935 33.004753 2.173811
v -19.756939 33.004761 0.217381
v -18.823433 34.773533 2.173811
v -18.823429 34.773537 2.717262
v -22.988380 26.881924 2.717262
v -19.756931 33.004761 2.717262
v -18.823433 34.773529 0.217381
v -0.437443 31.269222 2.173811
v -0.437443 31.269222 0.217381
v -0.437442 31.269222 2.717262
v -2.397446 30.871260 0.217381
v -6.002501 62.029129 0.217381
v -3.620290 50.952385 0.217381
v -3.620293 50.952385 2.173811
v -6.002504 62.029137 2.173811
v -3.620293 50.952393 2.717262
v -6.002504 62.029137 2.717262
v 36.484264 -29.506296 2.000000
v 39.516460 -24.784117 2.000000
v 39.516460 -24.784117 0.217381
v 36.484264 -29.506296 0.217381
v 25.496700 -46.629753 2.000000
v 30.212170 -39.280975 2.000000
v 30.212170 -39.280975 0.217381
v 25.496700 -46.629753 0.217381
v 40.164837 -23.774359 2.000000
v 44.678062 -16.745707 2.000000
v 44.678062 -16.745707 0.217381
v 40.164837 -23.774359 0.217381
v 26.949718 -25.824545 2.000000
v 35.689922 -31.033350 2.000000
v 35.689922 -31.033350 0.217381
v 26.949718 -25.824545 0.217381
v 26.949718 -25.824545 2.717262
v 35.689922 -31.033350 2.717262
v 40.164837 -23.774359 2.717262
v 44.678062 -16.745707 2.717262
v 30.860229 -38.271011 2.717262
v 36.484264 -29.506296 2.717262
v 30.860229 -38.271011 2.000000
v 39.516460 -24.784117 2.717262
v 30.860229 -38.271011 0.217381
v 30.212170 -39.280975 2.717262
v 25.496700 -46.629753 2.717262
v 124.486610 -90.632843 2.000000
v 121.438438 -95.344727 2.000000
v 121.438438 -95.344727 0.217381
v 124.486610 -90.632843 0.217381
v 135.532135 -73.546692 2.000000
v 130.791779 -80.879456 2.000000
v 130.791794 -80.879456 0.217381
v 135.532135 -73.546692 0.217381
v 120.786644 -96.352295 2.000000
v 116.571777 -102.867622 2.000000
v 116.571777 -102.867622 0.217381
v 120.786644 -96.352295 0.217381
v 133.867157 -94.261917 2.000000
v 125.286110 -89.108490 2.000000
v 125.286110 -89.108490 0.217381
v 133.867157 -94.261917 0.217381
v 133.867157 -94.261917 2.717262
v 125.286110 -89.108490 2.717262
v 120.786644 -96.352295 2.717262
v 116.571777 -102.867622 2.717262
v 130.140305 -81.887222 2.717262
v 124.486610 -90.632843 2.717262
v 130.140305 -81.887222 2.000000
v 121.438438 -95.344727 2.717262
v 130.140305 -81.887222 0.217381
v 130.791779 -80.879456 2.717262
v 135.532135 -73.546692 2.717262
v 130.087646 -100.474075 2.717262
v 130.744186 -99.469589 2.717262
v -3.426001 62.715454 2.717262
v 110.590607 -130.208023 2.000000
v 110.590607 -130.208023 0.217381
v 114.958191 -124.288940 2.000000
v 114.958191 -124.288940 0.217381
v 115.719139 -123.257690 2.717262
v 114.958191 -124.288940 2.717262
v 110.590614 -130.208023 2.717262
v 109.829666 -131.239273 2.717262
v 77.510246 -117.083755 2.717262
v 81.309502 -111.006851 2.717262
v 103.466034 -133.491028 2.717262
v 95.778175 -134.795502 2.717262
v 88.009224 -134.126404 2.717262
v 80.034035 -130.450378 2.717262
v 85.078278 -121.375412 2.717262
v 85.178978 -104.817604 2.717262
v 92.564201 -109.390228 2.717262
v 3.746954 21.376448 2.000000
v 7.994420 28.257757 2.000000
v 7.994421 28.257759 0.203959
v 3.746953 21.376448 0.203959
v 8.241295 18.595892 2.000000
v 8.241295 18.595892 0.203959
v 3.746953 21.376448 2.703959
v 7.994421 28.257759 2.703959
v 19.619473 11.556444 2.703959
v 19.619473 11.556444 2.000000
v 28.380577 6.136126 2.000000
v 28.380577 6.136126 2.703959
v 19.619473 11.556444 0.203959
v 28.380577 6.136126 0.203959
v 18.598988 12.187798 2.000000
v 9.261782 17.964539 2.000000
v 9.261781 17.964537 0.203959
v 18.598988 12.187799 0.203959
v 9.261781 17.964539 2.703959
v 18.598988 12.187799 2.703959
v 8.241295 18.595892 2.703959
v 33.479099 2.981775 0.203959
v 33.479099 2.981775 2.000000
v 29.401062 5.504770 2.000000
v 29.401062 5.504770 0.203959
v 29.401062 5.504770 2.703959
v 33.479099 2.981775 2.703959
v 45.100822 -105.553612 1.999946
v 45.100357 -105.554474 0.217261
v 43.883991 -107.568085 0.217372
v 43.884445 -107.567245 2.000000
v 64.269073 -98.333221 0.217994
v 64.272469 -98.326500 2.000300
v 57.308949 -108.752289 2.000036
v 57.305519 -108.758957 0.217509
v 54.834019 -112.710129 0.216712
v 54.837524 -112.703522 1.999665
v 53.549511 -114.464447 2.000045
v 53.546082 -114.471130 0.217509
v 43.884438 -107.567230 2.717262
v 45.100819 -105.553596 2.717262
v 47.988762 -101.331047 2.000000
v 47.988762 -101.331047 2.717262
v 54.837494 -112.703476 2.717262
v 53.549511 -114.464447 2.717262
v 64.272461 -98.326439 2.717262
v 57.308949 -108.752289 2.717262
v 47.988312 -101.331917 0.217363
v 53.810593 -92.273209 2.000229
v 48.648479 -100.328667 2.000000
v 48.648479 -100.328667 2.717262
v 53.810532 -92.273216 2.717262
v 52.886360 -115.473511 0.217509
v 52.889790 -115.466827 2.000036
v 47.433727 -123.756866 2.000064
v 47.430298 -123.763535 0.217509
v 52.889790 -115.466827 2.717262
v 47.433727 -123.756866 2.717262
v 43.224728 -108.569626 2.000000
v 37.157146 -117.788803 2.000000
v 37.157146 -117.788788 2.717262
v 43.224720 -108.569611 2.717262
v 43.224274 -108.570465 0.217372
v 37.156696 -117.789642 0.217372
v 33.070602 -98.066139 1.999917
v 33.070599 -98.066132 2.717262
v 33.070156 -98.066994 0.217225
v 66.706009 -119.979797 1.999377
v 66.702576 -119.986481 0.216127
v 66.706009 -119.979797 2.717262
v 56.645798 -109.761353 0.217509
v 56.649227 -109.754654 2.000036
v 56.649227 -109.754654 2.717262
v 53.810219 -92.274063 0.217839
v 48.648029 -100.329529 0.217372
v 142.230133 -54.834908 2.000000
v 142.230133 -54.834900 0.217381
v 136.137329 -64.618042 0.217381
v 136.137344 -64.618057 2.000000
v 92.408165 -109.646469 2.000000
v 92.408165 -109.646469 0.217381
v 115.281624 -123.345352 0.217381
v 115.281624 -123.345352 2.000000
v 85.275017 -105.229904 2.000000
v 85.275017 -105.229904 0.217381
v 85.485001 -121.261185 2.000000
v 85.485001 -121.261185 0.217381
v 77.930626 -116.977264 0.217381
v 77.930626 -116.977264 2.000000
v 81.563873 -111.165878 2.000000
v 81.563873 -111.165878 0.217381
v 80.453430 -130.313339 2.000000
v 80.453430 -130.313339 0.217381
v 66.960342 -94.055931 0.219084
v 66.963867 -94.047478 2.000845
v 59.344337 -131.138931 2.000535
v 59.346729 -131.133209 0.218451
v 47.227001 -123.726410 0.218452
v 47.224396 -123.732010 2.000347
v 70.129593 -114.728027 1.999990
v 70.128609 -114.729919 0.217363
v 78.857048 -101.449272 0.218863
v 78.861542 -101.442200 2.000734
v 124.784630 -108.039124 2.000000
v 124.784630 -108.039124 0.217381
v 113.915459 -100.935730 0.217381
v 113.915459 -100.935730 2.000000
v 132.666901 -71.704041 2.000000
v 132.666885 -71.704025 0.217381
v 143.784637 -78.969879 0.217381
v 143.784637 -78.969894 2.000000
v 130.493057 -99.305450 2.000000
v 130.493057 -99.305450 0.217381
v 39.028015 -4.454750 2.000000
v 39.028019 -4.454752 0.217381
v 44.988785 5.305422 0.217381
v 44.988785 5.305422 2.000000
v 104.874977 -31.581858 2.000000
v 104.874977 -31.581858 0.217381
v 116.700783 -38.943260 0.217381
v 116.700783 -38.943260 2.000000
v 77.567680 -14.583475 0.217381
v 77.567680 -14.583475 2.000000
v 71.520981 -24.420847 2.000000
v 71.520981 -24.420847 0.217381
v 92.519730 -23.890909 0.217381
v 92.519730 -23.890909 2.000000
v 110.272377 -48.528481 0.217381
v 110.272385 -48.528488 2.000000
v 67.314903 -30.992872 2.000000
v 67.314903 -30.992872 0.217381
v 106.067863 -55.098038 0.217381
v 106.067879 -55.098038 2.000000
v 109.642891 -130.987137 2.000000
v 109.642891 -130.987137 0.217381
v 103.390335 -133.199585 0.217381
v 103.390335 -133.199585 2.000000
v 88.087196 -133.832016 2.000000
v 88.087196 -133.832016 0.217381
v 95.765747 -134.493317 2.000000
v 95.765747 -134.493317 0.217381
v 98.594505 -67.073509 2.000000
v 98.594490 -67.073524 0.217381
v 91.526833 -62.677025 0.217381
v 91.526833 -62.677032 2.000000
v 73.810814 -51.656593 0.217381
v 73.810814 -51.656601 2.000000
v 59.330242 -42.648811 0.217381
v 59.330242 -42.648811 2.000000
v 40.254932 -31.246840 0.217381
v 40.254932 -31.246840 2.000000
v 48.387932 -19.148928 2.000000
v 48.387932 -19.148928 0.217381
v 28.153294 -24.396021 2.000000
v 28.153294 -24.396021 0.217381
v 36.190296 -11.879633 0.217381
v 36.190296 -11.879633 2.000000
v 29.047493 -48.713036 2.000000
v 29.047493 -48.713036 0.217381
v 17.113506 -41.600861 0.217381
v 17.113506 -41.600861 2.000000
v 125.198936 -83.682899 2.000000
v 125.198921 -83.682907 0.217381
v 113.915459 -100.935730 2.717262
v 125.198921 -83.682869 2.717262
v 98.594498 -67.073502 2.717262
v 106.067879 -55.098030 2.717262
v 132.666885 -71.704025 2.717262
v 17.113506 -41.600861 2.717262
v 28.153294 -24.396021 2.717262
v 40.254932 -31.246840 2.717262
v 29.047493 -48.713036 2.717262
v 36.190296 -11.879633 2.717262
v 48.387932 -19.148928 2.717262
v 67.314903 -30.992872 2.717262
v 59.330242 -42.648811 2.717262
v 73.810814 -51.656593 2.717262
v 91.526833 -62.677025 2.717262
v 110.272377 -48.528481 2.717262
v 71.520981 -24.420847 2.717262
v 116.700783 -38.943260 2.717262
v 142.230133 -54.834900 2.717262
v 136.137329 -64.618042 2.717262
v 77.567680 -14.583475 2.717262
v 92.519730 -23.890902 2.717262
v 39.028015 -4.454750 2.717262
v 44.988785 5.305422 2.717262
v 104.874977 -31.581858 2.717262
v 143.784637 -78.969894 2.717262
v 124.784630 -108.039124 2.717262
v 129.836533 -100.309937 2.000000
v 129.836533 -100.309937 0.217381
v 41.796581 -84.744270 2.000000
v 41.795921 -84.745544 0.217390
v 44.704647 -80.249146 0.218020
v 44.706051 -80.245758 2.000319
v 37.912945 -118.012238 2.000686
v 37.918797 -118.001144 0.219441
v 25.311264 -110.231522 0.219345
v 25.305431 -110.240768 2.000981
v 37.912861 -118.012192 2.717262
v 47.224491 -123.732071 2.717262
v 56.900772 -87.679779 0.217971
v 56.902451 -87.677147 2.000301
v 76.201302 -105.490791 0.217271
v 76.204498 -105.484581 1.999945
v 35.956253 -93.774063 1.999972
v 35.957748 -93.771141 0.217317
v 25.305527 -110.241241 2.717262
v 35.956257 -93.774055 2.717262
v 41.796585 -84.744263 2.717262
v 56.902424 -87.676994 2.717262
v 76.204491 -105.484566 2.717262
v 70.129585 -114.728027 2.717262
v 78.861458 -101.441811 2.717262
v 44.706177 -80.245728 2.717262
v 66.964172 -94.047394 2.717262
v 59.344128 -131.138992 2.717262
v 28.695793 -5.063833 2.717262
v 28.695801 -5.063843 0.217381
v 1.551327 12.289446 0.217381
v 1.551327 12.289446 2.717262
v 39.129597 12.743561 2.717262
v 39.129597 12.743561 0.217381
v 12.140601 29.011208 2.717262
v 12.140602 29.011206 0.217381
v -15.208768 51.948051 2.173811
v -16.941273 59.665161 2.173811
v -16.941273 59.665161 2.717262
v -15.208768 51.948051 2.717262
v -4.542309 62.182671 2.173811
v -4.542307 62.182671 2.717262
v 11.205007 65.380028 0.217381
v 13.018112 57.303871 0.217381
v 13.018114 57.303871 2.173811
v 11.205006 65.380028 2.173811
v -117.284943 39.004395 2.173811
v -117.284950 39.004402 0.217381
v -106.932648 33.337898 0.217381
v -106.932640 33.337891 2.173811
v -119.923317 0.885691 2.173811
v -119.923317 0.885691 0.217381
v -132.310379 5.956980 0.217381
v -132.310379 5.956980 2.173811
v -102.102448 7.849129 2.173811
v -102.102440 7.849129 0.217381
v -107.123955 -4.609869 0.217381
v -107.123955 -4.609869 2.173811
v -64.102783 35.745201 2.173811
v -64.102783 35.745193 0.217381
v -72.019928 31.766390 0.217381
v -72.019928 31.766394 2.173811
v -71.246063 53.055504 2.173811
v -71.264473 53.052113 0.217381
v -56.324512 56.292213 0.217381
v -56.324509 56.292206 2.173811
v -40.698143 56.243370 2.173811
v -40.698147 56.243378 0.217381
v -28.714481 53.682793 0.217381
v -28.714485 53.682800 2.173811
v -33.330219 35.278687 2.173811
v -33.330212 35.278687 0.217381
v -41.832008 38.335522 0.217381
v -41.832008 38.335522 2.173811
v -49.780827 56.480408 0.217381
v -49.780827 56.480408 2.173811
v -77.684959 28.242285 2.173811
v -77.684952 28.242290 0.217381
v -82.989586 23.657476 0.217381
v -82.989586 23.657476 2.173811
v -87.009926 44.184303 2.173811
v -87.009926 44.184303 0.217381
v -81.702522 48.644699 0.217381
v -81.724525 48.624218 2.173811
v -86.341423 19.352100 2.173811
v -86.341423 19.352104 0.217381
v -89.071785 14.589460 0.217381
v -89.071785 14.589460 2.173811
v -18.459213 51.097580 0.217381
v -18.459209 51.097595 2.173811
v -26.269836 32.802967 2.173811
v -26.269836 32.802967 0.217381
v -92.824890 4.879150 0.217381
v -92.824890 4.879150 2.173811
v -98.560249 32.347672 2.173811
v -98.560249 32.347679 0.217381
v -93.744446 37.902161 0.217381
v -93.744446 37.902161 2.173811
v 8.008410 27.924417 2.717262
v 8.008409 27.924419 0.217381
v 16.419102 42.154793 2.173811
v 17.955780 35.309937 2.173811
v 17.955780 35.309937 2.717262
v 16.419106 42.154797 2.717262
v 13.018112 57.303871 2.717262
v 11.205004 65.380035 2.717262
v 14.581743 50.338970 2.717262
v 14.581746 50.338974 2.173811
v 16.419106 42.154793 0.217381
v 17.955780 35.309937 0.217381
v -16.941269 59.665154 0.217381
v -4.542304 62.182663 0.217381
v -15.208766 51.948044 0.217381
v -123.419960 27.001123 2.173811
v -123.418655 27.003817 2.717262
v -129.206314 13.788218 2.717262
v -129.205643 13.789858 2.173811
v -123.422737 26.995832 0.217381
v -132.310379 5.956987 2.717262
v -117.284950 39.004402 2.717262
v -129.204346 13.793161 0.217381
v -107.123955 -4.609869 2.717262
v -119.923317 0.885695 2.717262
v -102.102440 7.849133 2.717262
v -106.932648 33.337898 2.717262
v -93.744446 37.902161 2.717262
v -87.009926 44.184303 2.717262
v -81.737083 48.615665 2.717262
v -71.237022 53.058067 2.717262
v -98.560249 32.347679 2.717262
v -89.071785 14.589464 2.717262
v -92.824890 4.879150 2.717262
v -26.269836 32.802971 2.717262
v -33.330219 35.278694 2.717262
v -28.714481 53.682800 2.717262
v -18.459209 51.097595 2.717262
v -15.535140 40.045135 0.217381
v -15.535140 40.045135 2.173811
v -86.341423 19.352104 2.717262
v -77.684952 28.242290 2.717262
v -82.989594 23.657484 2.717262
v -56.324512 56.292213 2.717262
v -49.780827 56.480408 2.717262
v -47.948303 38.677826 2.173811
v -47.948299 38.677818 0.217381
v -55.910908 38.185703 0.217381
v -55.910908 38.185711 2.173811
v -41.832008 38.335522 2.717262
v -40.698147 56.243378 2.717262
v -64.102783 35.745201 2.717262
v -72.019928 31.766394 2.717262
v -60.011089 37.221630 2.717262
v -60.011089 37.221630 2.173811
v -60.011089 37.221630 0.217381
v -15.535140 40.045135 2.717262
v -27.955753 29.796930 2.717262
v -27.955750 29.796928 2.173811
v -27.955753 29.796926 0.217381
v -12.844867 41.418495 0.217381
v -12.786809 41.159897 0.217381
v -12.786809 41.159897 2.173811
v -12.844867 41.418495 2.173811
v -12.786815 41.159893 2.717262
v -12.844867 41.418495 2.717262
v -0.762594 13.731741 0.217280
v -0.762595 13.731745 2.717161
v -22.916664 26.879559 2.717262
v -23.317284 27.111496 0.217381
v -14.343253 21.916008 2.717161
v -14.513614 22.014631 0.217289
v 7.323917 33.238094 0.217381
v 7.323922 33.238091 2.173811
v 7.323922 33.238094 2.717262
v -3.366301 62.421448 0.217381
v -3.366306 62.421455 2.173811
v -47.948303 38.677826 2.717262
v -55.910908 38.185711 2.717262
v -109.477974 28.858149 2.173811
v -109.477989 28.858164 2.717262
v -109.477982 28.858156 0.217381
v -103.131630 26.347551 0.217381
v -103.131630 26.347544 2.173811
v -103.131630 26.347551 2.717262
v -10.190492 29.595066 2.173811
v -10.190492 29.595068 2.717262
v -10.190497 29.595070 0.217381
v -114.980606 12.319109 2.173811
v -114.980614 12.319117 2.717262
v -114.980614 12.319117 0.217381
v -120.027916 0.767570 2.173811
v -120.027916 0.767574 2.717262
v -120.027916 0.767570 0.217381
v -1.716315 43.526161 2.173811
v -1.716317 43.526165 2.717262
v -1.716315 43.526161 0.217381
v -3.074689 49.842281 0.217381
v -3.074692 49.842285 2.173811
v -3.074692 49.842289 2.717262
v -2.457143 31.165262 2.717262
v -2.457143 31.165260 2.173811
v -22.723068 26.741892 0.217381
v -19.491623 32.864735 0.217381
v -19.491619 32.864735 2.173811
v -22.723068 26.741892 2.173811
v -18.558117 34.633511 2.173811
v -18.558113 34.633514 2.717262
v -19.491615 32.864738 2.717262
v -22.723064 26.741898 2.717262
v -18.558117 34.633511 0.217381
v -0.497139 31.563223 0.217381
v -0.497139 31.563223 2.173811
v -0.497138 31.563221 2.717262
v -2.457143 31.165260 0.217381
v -5.709208 62.092209 0.217381
v -5.709210 62.092216 2.173811
v -3.326999 51.015465 2.173811
v -3.326997 51.015461 0.217381
v -3.326999 51.015469 2.717262
v -5.709210 62.092216 2.717262
v 36.736729 -29.668348 2.000000
v 36.736729 -29.668348 0.217381
v 39.768894 -24.946211 0.217381
v 39.768894 -24.946211 2.000000
v 25.749191 -46.791763 2.000000
v 25.749191 -46.791763 0.217381
v 30.464661 -39.442986 0.217381
v 30.464661 -39.442986 2.000000
v 40.417278 -23.936460 2.000000
v 40.417278 -23.936460 0.217381
v 44.930500 -16.907808 0.217381
v 44.930500 -16.907808 2.000000
v 26.796135 -26.082251 2.000000
v 26.796135 -26.082251 0.217381
v 35.536339 -31.291056 0.217381
v 35.536339 -31.291056 2.000000
v 26.796135 -26.082251 2.717262
v 35.536339 -31.291056 2.717262
v 40.417278 -23.936460 2.717262
v 44.930500 -16.907808 2.717262
v 31.112717 -38.433022 2.717262
v 31.112717 -38.433022 2.000000
v 36.736729 -29.668348 2.717262
v 39.768894 -24.946211 2.717262
v 31.112717 -38.433022 0.217381
v 30.464661 -39.442986 2.717262
v 25.749191 -46.791763 2.717262
v 124.234695 -90.469940 2.000000
v 124.234695 -90.469940 0.217381
v 121.186554 -95.181786 0.217381
v 121.186554 -95.181786 2.000000
v 135.280182 -73.383820 2.000000
v 135.280182 -73.383820 0.217381
v 130.539856 -80.716576 0.217381
v 130.539841 -80.716583 2.000000
v 120.534752 -96.189339 2.000000
v 120.534752 -96.189339 0.217381
v 116.319893 -102.704666 0.217381
v 116.319893 -102.704666 2.000000
v 134.021622 -94.004745 2.000000
v 134.021622 -94.004745 0.217381
v 125.440582 -88.851303 0.217381
v 125.440582 -88.851303 2.000000
v 134.021622 -94.004745 2.717262
v 125.440582 -88.851303 2.717262
v 120.534752 -96.189339 2.717262
v 116.319893 -102.704666 2.717262
v 129.888351 -81.724342 2.717262
v 129.888351 -81.724342 2.000000
v 124.234695 -90.469940 2.717262
v 121.186554 -95.181786 2.717262
v 129.888351 -81.724342 0.217381
v 130.539841 -80.716583 2.717262
v 135.280182 -73.383820 2.717262
v 129.836533 -100.309937 2.717262
v 130.493057 -99.305450 2.717262
v -3.366304 62.421455 2.717262
v 110.349220 -130.029892 2.000000
v 110.349220 -130.029892 0.217381
v 114.716797 -124.110809 0.217381
v 114.716797 -124.110809 2.000000
v 115.281624 -123.345352 2.717262
v 114.716797 -124.110809 2.717262
v 110.349220 -130.029892 2.717262
v 109.642891 -130.987137 2.717262
v 77.930626 -116.977264 2.717262
v 81.563873 -111.165878 2.717262
v 103.390335 -133.199585 2.717262
v 95.765747 -134.493317 2.717262
v 88.087196 -133.832016 2.717262
v 80.453430 -130.313339 2.717262
v 85.485001 -121.261185 2.717262
v 85.275017 -105.229904 2.717262
v 92.408165 -109.646469 2.717262
v 19.393820 24.622736 2.704066
v 13.744995 15.462867 2.704066
v 13.744995 15.462867 0.204066
v 19.393829 24.622744 0.204066
v 29.705723 18.461031 2.692561
v 23.902821 9.147081 2.692561
v 23.968853 9.301161 0.200000
v 29.617691 18.461039 0.200000
v -2.912920 48.008347 0.217381
v -9.694741 46.656479 0.217381
v -9.694741 46.656479 2.173811
v -2.912921 48.008347 2.173811
v -14.017734 45.794754 2.173811
v -14.017734 45.794758 2.717262
v -10.871591 46.421898 2.717262
v -10.871589 46.421894 2.173811
v -9.694743 46.656487 2.717262
v -2.912921 48.008350 2.717262
v -10.871590 46.421894 0.217381
v -14.017732 45.794750 0.217381
v 68.377663 -48.531487 0.217381
v 80.195381 -30.607409 0.217381
v 80.195381 -30.607409 2.000000
v 68.377663 -48.531487 2.000000
v 80.195381 -30.607409 2.717262
v 68.377663 -48.531487 2.717262
v 96.398445 -40.532372 2.000000
v 96.398445 -40.532372 0.217381
v 103.077492 -44.623528 0.217381
v 103.077492 -44.623528 2.000000
v 95.375160 -39.905571 0.217381
v 95.375160 -39.905571 2.000000
v 103.077492 -44.623528 2.717262
v 91.538658 -62.942268 2.000000
v 91.538658 -62.942268 2.717262
v 91.538658 -62.942268 0.217381
v 96.398445 -40.532372 2.717262
v 95.375160 -39.905571 2.717262
v 19.138474 24.780209 2.704066
v 19.138481 24.780216 0.204066
v 13.489648 15.620340 0.204066
v 13.489648 15.620340 2.704066
v 29.450794 18.619064 2.698567
v 29.362762 18.619072 0.206006
v 23.713924 9.459194 0.206006
v 23.647892 9.305115 2.698567
v -2.854273 47.714134 0.217381
v -2.854274 47.714134 2.173811
v -9.636095 46.362267 2.173811
v -9.636095 46.362267 0.217381
v -13.959085 45.500542 2.173811
v -10.812942 46.127682 2.173811
v -10.812943 46.127686 2.717262
v -13.959086 45.500549 2.717262
v -2.854275 47.714142 2.717262
v -9.636095 46.362274 2.717262
v -10.812942 46.127682 0.217381
v -13.959085 45.500542 0.217381
v 68.127197 -48.366356 0.217381
v 68.127197 -48.366356 2.000000
v 80.104637 -30.200029 2.000000
v 80.104637 -30.200029 0.217381
v 80.104637 -30.200029 2.717262
v 68.127197 -48.366356 2.717262
v 96.555145 -40.276550 2.000000
v 103.493233 -44.526375 2.000000
v 103.493233 -44.526375 0.217381
v 96.555145 -40.276550 0.217381
v 95.531853 -39.649750 2.000000
v 95.531853 -39.649750 0.217381
v 103.493233 -44.526375 2.717262
v 91.792488 -63.102165 2.717262
v 91.792488 -63.102165 2.000000
v 91.792488 -63.102165 0.217381
v 96.555145 -40.276550 2.717262
v 95.531853 -39.649750 2.717262
vn 0.999399 0.034672 0.000000
vn 0.508578 0.314136 -0.801665
vn 0.742382 -0.066514 -0.666667
vn 0.973117 0.230310 0.000001
vn 0.625816 0.714698 -0.312348
vn 0.909142 -0.082414 -0.408250
vn 0.667818 0.157687 0.727430
vn 0.776260 0.480369 0.408248
vn 0.420903 0.680324 0.600000
vn 0.291844 0.471720 0.832050
vn 0.625816 0.714698 -0.312348
vn -0.032717 0.963069 -0.267260
vn 0.909143 -0.082411 -0.408249
vn 0.067285 0.742314 -0.666665
vn 0.625816 0.714698 -0.312348
vn 0.909143 -0.082411 -0.408249
vn 0.067285 0.742314 -0.666666
vn -0.032718 0.963069 -0.267260
vn 0.420903 0.680324 0.600000
vn 0.291844 0.471720 0.832050
vn 0.291843 0.471720 0.832050
vn 0.917690 0.216180 -0.333335
vn -0.132384 0.561969 -0.816496
vn 0.169764 0.968425 -0.182574
vn 0.999424 0.033948 0.000000
vn 0.372029 0.601327 0.707107
vn 0.634220 0.391559 0.666668
vn 0.506919 -0.861994 0.000111
vn 0.609197 -0.662196 -0.436321
vn 0.190407 -0.923509 -0.332982
vn 0.235747 -0.541650 -0.806870
vn -0.275782 0.618886 -0.735476
vn -0.565660 -0.117201 -0.816267
vn -0.963523 0.196895 -0.181261
vn -0.449252 0.893405 -0.000954
vn -0.597717 0.157251 -0.786134
vn -0.566514 -0.116548 -0.815769
vn -0.963524 0.196891 -0.181260
vn -0.993556 0.113334 0.001060
vn 0.387518 -0.488837 0.781580
vn 0.590656 -0.388739 0.707112
vn 0.963254 -0.196841 -0.182745
vn 0.590661 -0.388742 0.707107
vn -0.580417 -0.007808 0.814282
vn -0.590662 0.388742 0.707106
vn -0.436780 0.469444 0.767363
vn -0.590661 0.388742 0.707106
vn 0.565455 0.116480 -0.816513
vn 0.986531 -0.163575 -0.000612
vn 0.551169 0.132333 0.823833
vn 0.590660 -0.388741 0.707107
vn 0.609195 -0.662193 -0.436328
vn -0.190082 0.922443 -0.336107
vn -0.565944 -0.116936 -0.816109
vn -0.998113 -0.061388 0.001494
vn -0.608875 0.661863 -0.437274
vn -0.590661 0.388741 0.707107
vn -0.789888 -0.457611 0.408252
vn 0.963255 -0.196841 -0.182739
vn 0.590655 -0.388739 0.707112
vn 0.373623 -0.644946 0.666671
vn 0.005935 -0.999982 0.000172
vn 0.190398 -0.923511 -0.332981
vn 0.565385 0.116540 -0.816553
vn -0.632630 -0.394121 0.666669
vn -0.972421 -0.233233 0.000243
vn -0.909572 0.078551 -0.408055
vn -0.071160 -0.744413 -0.663917
vn 0.225995 -0.974128 0.001152
vn 0.476927 -0.778379 0.408248
vn -0.190077 0.922442 -0.336112
vn -0.608879 0.661861 -0.437271
vn -0.590662 0.388740 0.707107
vn 0.190406 -0.923512 -0.332974
vn 0.511837 -0.130364 -0.849134
vn 0.974007 0.226519 -0.000002
vn 0.226668 -0.973972 0.000005
vn 0.312534 -0.509469 -0.801726
vn 0.509354 0.312510 -0.801808
vn 0.520126 0.854090 0.000000
vn 0.980513 0.196455 0.000000
vn 0.496544 0.304084 -0.813005
vn 0.369267 0.603017 -0.707115
vn -0.226843 0.973931 0.000000
vn -0.312348 0.510274 -0.801286
vn -0.962748 -0.270401 0.000000
vn -0.969381 -0.245561 0.000000
vn -0.493318 -0.325283 -0.806739
vn -0.598306 0.027174 -0.800807
vn -0.847924 0.530118 0.000000
vn -0.599573 0.374850 -0.707107
vn -0.950553 -0.310563 0.000000
vn -0.462357 -0.359482 -0.810555
vn -0.216544 0.976269 -0.002621
vn -0.305907 0.514371 -0.801151
vn 0.218623 -0.975808 -0.001747
vn -0.632346 -0.682856 -0.365849
vn -0.915955 -0.220041 -0.335572
vn 0.306150 -0.517162 -0.799259
vn 0.835675 -0.549224 -0.000018
vn 0.590623 -0.388206 -0.707432
vn 0.976628 0.214936 -0.001006
vn 0.504982 0.307612 -0.806454
vn 0.341399 -0.939919 0.000000
vn -0.978780 -0.204915 0.000000
vn -0.516117 -0.301174 -0.801822
vn 0.087436 -0.417350 -0.904530
vn 0.538352 0.842720 -0.000001
vn 0.919527 0.393026 -0.000004
vn 0.671409 0.140661 -0.727615
vn 0.378599 0.597192 -0.707124
vn 0.698917 -0.643394 -0.312346
vn -0.104983 -0.906814 -0.408248
vn -0.972335 -0.233590 -0.000002
vn -0.235000 0.971995 0.000000
vn -0.316910 0.506697 -0.801765
vn -0.507731 -0.315993 -0.801472
vn 0.172426 0.967955 -0.182573
vn 0.528463 0.848956 0.000001
vn 0.373680 0.600303 -0.707107
vn -0.130836 0.562334 -0.816494
vn 0.524767 0.851246 0.000000
vn 0.370192 0.602457 -0.707110
vn -0.974739 -0.223346 0.000000
vn -0.591684 0.060586 -0.803890
vn 0.646538 0.625707 -0.436440
vn 0.918282 0.213644 -0.333339
vn 0.220669 -0.975349 0.000004
vn -0.057125 -0.596847 -0.800319
vn -0.219367 0.975642 0.000000
vn 0.058356 0.596320 -0.800623
vn 0.975527 0.219879 0.000001
vn 0.592696 -0.061528 -0.803073
vn 0.595266 -0.803529 -0.000001
vn 0.251363 -0.967893 0.000000
vn 0.197005 -0.677897 -0.708269
vn 0.466947 -0.511965 -0.721008
vn -0.256028 -0.966669 0.000000
vn -0.140041 -0.688270 -0.711809
vn 0.041072 -0.999156 0.000000
vn 0.058846 -0.702102 -0.709641
vn -0.528889 -0.848691 0.000008
vn -0.528201 -0.849119 0.000003
vn -0.373495 -0.600418 -0.707106
vn -0.374145 -0.600016 -0.707104
vn -0.528203 -0.849118 0.000003
vn -0.373495 -0.600416 -0.707108
vn -0.520655 -0.853767 0.000002
vn -0.369934 -0.602603 -0.707120
vn 0.228732 -0.973489 0.000000
vn -0.049087 -0.600425 -0.798173
vn 0.521236 0.853413 0.000000
vn 0.366374 0.604768 -0.707125
vn -0.841548 0.540183 0.000000
vn -0.229214 0.973376 0.000000
vn -0.311477 0.515941 -0.797989
vn -0.595084 0.381935 -0.707107
vn 0.229370 -0.973339 0.000000
vn -0.973339 -0.229369 0.000000
vn -0.500950 -0.316329 -0.805596
vn 0.311583 -0.515821 -0.798025
vn -0.976601 -0.215061 0.000002
vn -0.590664 0.066059 -0.804209
vn -0.593587 0.068849 0.801820
vn -0.508277 -0.308061 0.804210
vn -0.373817 -0.600214 0.707110
vn 0.508993 0.309843 0.803071
vn 0.382724 0.594562 0.707119
vn -0.589484 0.059366 0.805596
vn -0.595044 0.381999 0.707107
vn 0.311342 -0.515738 0.798173
vn -0.048479 -0.600671 0.798025
vn 0.048523 0.600715 0.797989
vn 0.370741 0.602101 0.707125
vn -0.307993 0.513949 0.800623
vn -0.366366 -0.604779 0.707119
vn -0.373494 -0.600415 0.707109
vn -0.373493 -0.600415 0.707110
vn 0.308478 -0.514128 0.800321
vn -0.506274 -0.312166 0.803890
vn 0.373680 0.600304 0.707106
vn 0.594981 -0.055681 0.801809
vn -0.055469 -0.595110 0.801728
vn 0.371937 0.601381 0.707109
vn 0.373680 0.600304 0.707106
vn -0.595866 0.050870 0.801471
vn 0.050428 0.595510 0.801764
vn 0.373680 0.600303 0.707107
vn 0.593642 -0.068723 0.801789
vn -0.068705 -0.593660 0.801778
vn 0.740413 -0.085725 -0.666664
vn 0.963585 0.008756 -0.267259
vn -0.839671 0.543096 -0.000066
vn -0.222843 0.974854 -0.001017
vn -0.308696 0.515359 -0.799445
vn -0.593501 0.383925 -0.707360
vn -0.085833 -0.971406 -0.221368
vn -0.975427 -0.220320 -0.001400
vn -0.503357 -0.309845 -0.806615
vn 0.136186 -0.556906 -0.819335
vn -0.289799 -0.472978 0.832050
vn -0.419249 -0.681343 0.600002
vn 0.974473 0.224506 -0.000403
vn 0.503565 0.313040 -0.805250
vn 0.835674 -0.549226 0.000170
vn 0.591114 -0.388517 -0.706851
vn -0.839671 0.543095 0.000045
vn -0.593871 0.384133 -0.706936
vn -0.590901 0.062975 0.804282
vn -0.593743 0.384024 0.707103
vn -0.593743 0.384024 0.707103
vn 0.590864 -0.060719 0.804483
vn 0.590910 -0.388354 0.707111
vn 0.590915 -0.388356 0.707106
vn 0.589904 -0.066821 0.804704
vn 0.053510 0.599316 0.798722
vn 0.058156 0.598163 0.799262
vn -0.055136 -0.600067 0.798048
vn -0.057637 -0.588739 0.806265
vn -0.376318 -0.598646 0.707112
vn -0.378608 -0.597248 -0.707072
vn 0.319007 -0.498170 -0.806264
vn 0.598094 -0.041252 0.800364
vn 0.505632 0.322110 -0.800363
vn 0.189905 0.654092 0.732188
vn 0.001835 0.681100 -0.732188
vn -0.975714 -0.219049 -0.000000
vn -0.689935 -0.154891 0.707106
vn -0.576413 0.145257 0.804144
vn -0.839291 0.543683 -0.000001
vn -0.140702 0.692966 0.707107
vn -0.002724 0.930945 -0.365149
vn 0.466994 0.377897 -0.799444
vn 0.543683 0.839291 -0.000002
vn 0.930694 0.021824 -0.365147
vn 0.577205 -0.707227 -0.408245
vn -0.294314 0.955709 -0.000000
vn 0.961979 0.273123 0.000000
vn 0.490132 0.337614 -0.803609
vn -0.349047 0.479652 -0.805046
vn -0.386721 -0.922197 0.000002
vn -0.920116 -0.391645 0.000004
vn -0.450255 -0.395558 -0.800502
vn -0.275292 -0.651305 -0.707118
vn 0.200776 -0.979637 0.000005
vn 0.384320 -0.923200 0.000001
vn 0.393328 -0.443865 -0.805157
vn -0.050571 -0.639051 -0.767500
vn 0.394931 -0.918711 0.000002
vn 0.489131 -0.872210 0.000001
vn 0.336335 -0.621628 -0.707430
vn 0.266052 -0.654542 -0.707666
vn -0.606082 0.775010 -0.178953
vn -0.120864 0.992669 -0.000003
vn -0.106892 0.697622 -0.708448
vn -0.485501 0.312448 -0.816496
vn 0.118024 0.993011 -0.000004
vn 0.226734 0.973957 -0.000005
vn 0.156129 0.689601 -0.707159
vn 0.065275 0.549201 -0.833137
vn -0.334624 -0.942352 0.000003
vn -0.199192 -0.979961 0.000001
vn -0.158748 -0.780993 -0.604028
vn -0.235736 -0.666652 -0.707109
vn -0.001330 0.999999 -0.000004
vn -0.001064 0.799892 -0.600143
vn 0.592870 -0.805298 -0.000000
vn 0.724986 -0.688763 0.000002
vn 0.495301 -0.502522 -0.708624
vn 0.403678 -0.579386 -0.708065
vn -0.662970 0.748646 0.000001
vn -0.329732 0.834563 -0.441341
vn 0.103972 0.935929 -0.336491
vn -0.473270 0.525230 -0.707212
vn 0.830369 -0.557214 0.000002
vn 0.902747 -0.430172 0.000002
vn 0.629622 -0.319838 -0.708011
vn 0.577089 -0.407263 -0.707888
vn 0.707551 0.706662 -0.000003
vn 0.532764 0.532094 -0.658056
vn -0.935471 -0.353403 0.000001
vn -0.368588 -0.139245 -0.919105
vn 0.312631 -0.949875 0.000002
vn 0.415393 -0.443679 -0.794102
vn -0.775889 0.630870 -0.000008
vn -0.719848 0.694132 -0.000003
vn -0.517274 0.481462 -0.707546
vn -0.553186 0.440188 -0.707262
vn 0.130587 0.564715 0.814889
vn 0.633922 0.327329 -0.700713
vn 0.756068 0.617041 -0.218223
vn 0.689936 0.154892 0.707105
vn 0.576415 -0.145257 0.804143
vn 0.839291 -0.543683 0.000002
vn 0.153960 0.580677 0.799444
vn 0.689934 0.154891 0.707107
vn 0.689932 0.154891 0.707108
vn 0.689934 0.154891 -0.707107
vn 0.577455 0.471272 -0.666670
vn 0.368211 -0.466660 -0.804145
vn -0.368211 0.466660 -0.804145
vn 0.718931 0.562559 -0.408247
vn -0.689934 -0.154891 -0.707107
vn -0.981032 0.068712 -0.181261
vn -0.726154 0.531012 -0.436722
vn -0.650974 0.275979 0.707155
vn -0.635786 0.309159 0.707246
vn -0.549320 -0.177716 -0.816496
vn -0.597215 -0.050295 0.800503
vn 0.018745 0.592917 0.805045
vn -0.371510 0.866396 -0.333673
vn 0.037833 -0.591853 0.805157
vn -0.271602 -0.652849 0.707121
vn 0.171271 -0.657855 0.733412
vn 0.594416 -0.029690 0.803609
vn -0.499953 0.499424 0.707547
vn -0.464137 0.533319 0.707211
vn -0.336989 0.617637 0.710608
vn -0.192125 0.679082 0.708474
vn -0.543786 0.451754 0.707259
vn 0.645010 -0.287543 0.708012
vn 0.190747 -0.394248 0.898990
vn -0.608895 -0.230029 0.759166
vn -0.237491 -0.666028 0.707110
vn 0.164493 0.687655 0.707159
vn 0.351363 0.350921 0.867985
vn -0.088408 0.996084 -0.000003
vn -0.025980 0.389074 -0.920840
vn 0.595607 -0.379666 0.707889
vn 0.433344 -0.557544 0.708066
vn 0.527225 -0.468916 0.708627
vn -0.063630 0.702891 0.708445
vn -0.000738 0.554555 0.832147
vn 0.002909 -0.999996 0.000002
vn 0.145808 -0.989313 0.000001
vn 0.083160 -0.701067 -0.708230
vn 0.001612 -0.554034 -0.832492
vn -0.109689 -0.539636 0.834722
vn 0.094274 0.793191 0.601631
vn 0.291911 -0.643425 0.707667
vn 0.355005 -0.611157 0.707431
vn 0.214109 -0.673363 0.707630
vn 0.284626 -0.958639 0.000001
vn 0.188039 -0.681104 -0.707629
vn -0.004917 0.432734 0.901508
vn -0.964452 -0.264259 -0.000000
vn -0.413530 -0.113307 0.903413
vn -0.598946 0.030115 -0.800223
vn -0.925659 -0.207737 -0.316228
vn -0.975722 -0.219012 -0.000000
vn -0.887027 0.461717 -0.000003
vn -0.480578 0.418578 -0.770608
vn -0.689933 -0.154892 0.707107
vn -0.608719 0.393035 0.689191
vn -0.289810 -0.472807 0.832144
vn -0.418127 -0.682261 -0.599742
vn -0.354286 -0.611949 -0.707107
vn -0.400815 -0.692320 0.600033
vn -0.357933 -0.610080 -0.706885
vn -0.361234 -0.607533 0.707399
vn 0.456566 -0.889690 0.000001
vn 0.252385 -0.330207 -0.909541
vn 0.472974 -0.486672 0.734470
vn -0.459322 0.587005 -0.666670
vn -0.601396 0.768572 -0.218220
vn 0.002325 -0.799498 0.600665
vn 0.122633 -0.695247 0.708232
vn 0.377890 0.133118 0.916231
vn 0.943189 0.332256 -0.000001
vn 0.620918 0.218730 -0.752740
vn -0.268191 0.963366 -0.000002
vn -0.125858 0.452094 -0.883046
vn -0.195331 0.701647 0.685228
vn -0.543683 -0.839291 0.000001
vn -0.233758 -0.360855 0.902851
vn -0.374965 -0.578838 -0.724119
vn 0.065952 -0.604746 0.793683
vn 0.398066 -0.917357 0.000004
vn 0.396619 -0.461263 -0.793681
vn 0.477432 -0.572371 0.666671
vn 0.364833 -0.931073 0.000003
vn 0.047174 -0.911650 -0.408250
vn -0.373015 0.466632 0.801944
vn -0.908059 0.418842 -0.000002
vn -0.357798 0.231495 -0.904650
vn -0.791936 0.511592 -0.333334
vn -0.899242 0.029813 -0.436434
vn -0.691300 -0.148673 0.707107
vn 0.159185 -0.784002 0.600001
vn 0.601395 -0.768573 -0.218217
vn -0.745175 0.016371 -0.666668
vn -0.955399 -0.295318 0.000006
vn -0.722117 0.587551 -0.365146
vn 0.020044 0.912652 -0.408245
vn -0.975664 0.021433 -0.218219
vn -0.625357 0.330043 0.707107
vn -0.742145 -0.531548 0.408262
vn -0.625356 0.330044 0.707107
vn -0.745173 0.016369 -0.666670
vn -0.040169 -0.898839 -0.436435
vn -0.520679 -0.785991 -0.333333
vn 0.140701 -0.692966 0.707108
vn 0.481318 -0.318848 -0.816498
vn -0.791937 0.511589 -0.333335
vn -0.313286 -0.484959 -0.816496
vn -0.815690 -0.548923 -0.182573
vn -0.717248 0.696818 -0.000001
vn -0.691300 -0.148673 0.707108
vn -0.721850 0.185710 0.666666
vn -0.841547 0.540183 0.000000
vn -0.669498 0.646868 -0.365149
vn -0.200760 0.921186 -0.333334
vn -0.595084 0.381936 -0.707107
vn -0.976996 -0.213260 0.000000
vn -0.669705 0.646655 -0.365148
vn -0.201062 0.921121 -0.333332
vn -0.564066 -0.123125 -0.816499
vn -0.970302 0.104385 -0.218217
vn -0.212933 0.977067 0.000000
vn -0.200755 0.921187 -0.333336
vn -0.564112 -0.122939 -0.816495
vn -0.245421 0.969417 0.000000
vn 0.969417 0.245421 0.000000
vn 0.913975 0.231385 -0.333334
vn -0.141694 0.559693 -0.816496
vn -0.231385 0.913975 0.333333
vn 0.559693 0.141694 0.816497
vn -0.673170 0.432252 0.600000
vn -0.122936 0.564107 0.816499
vn -0.673307 0.432039 0.600000
vn -0.595044 0.381999 0.707107
vn -0.970335 0.104073 -0.218218
vn -0.466759 0.299713 0.832050
vn -0.564068 -0.123123 -0.816498
vn -0.466855 0.299565 0.832050
vn -0.921119 -0.201063 0.333335
vn 0.839713 -0.543030 0.000000
vn 0.667306 -0.649130 -0.365148
vn 0.197649 -0.921860 -0.333331
vn 0.593787 -0.383949 -0.707107
vn 0.977712 0.209949 0.000002
vn 0.667510 -0.648920 -0.365149
vn 0.197923 -0.921798 -0.333338
vn 0.564479 0.121214 -0.816499
vn 0.969942 -0.107672 -0.218217
vn 0.209616 -0.977784 0.000000
vn 0.197628 -0.921862 -0.333337
vn 0.564524 0.121027 -0.816495
vn 0.242112 -0.970248 0.000000
vn -0.970248 -0.242115 0.000000
vn -0.914756 -0.228267 -0.333340
vn 0.139786 -0.560183 -0.816490
vn 0.228266 -0.914762 0.333326
vn -0.560164 -0.139783 0.816503
vn 0.671703 -0.434529 0.600000
vn 0.121021 -0.564519 0.816500
vn 0.671841 -0.434316 0.600000
vn 0.593746 -0.384012 0.707107
vn 0.969977 -0.107361 -0.218217
vn 0.465742 -0.301291 0.832050
vn 0.564485 0.121209 -0.816496
vn 0.465837 -0.301144 0.832050
vn 0.921795 0.197941 0.333336
vn 0.669648 -0.437689 0.600000
vn 0.464317 -0.303482 0.832050
vn -0.140704 0.692966 0.707107
vn 0.961490 -0.167087 -0.218218
vn 0.570903 0.086095 -0.816491
vn 0.626142 -0.688920 -0.365151
vn 0.140594 -0.932266 -0.333337
vn 0.575366 -0.089317 0.813005
vn 0.446342 -0.329349 0.832050
vn 0.643726 -0.474994 0.599998
vn 0.353730 -0.595838 0.721008
vn -0.588686 0.051192 0.806739
vn -0.599573 0.374850 0.707107
vn 0.157745 -0.688092 0.708269
vn -0.001023 -0.704563 0.709641
vn -0.219004 -0.667357 0.711809
vn -0.585412 0.017157 0.810555
vn -0.496665 -0.334712 0.800807
vn 0.054733 0.595773 0.801286
vn 0.366292 0.604829 0.707115
vn -0.999399 -0.034672 -0.000000
vn -0.230310 0.973117 -0.000001
vn -0.217138 0.917464 -0.333332
vn -0.508578 -0.314136 -0.801665
vn -0.227383 -0.961201 -0.156173
vn 0.132383 -0.561970 -0.816495
vn -0.667819 -0.157687 0.727429
vn -0.132968 0.561831 0.816496
vn -0.420903 -0.680324 0.600000
vn -0.649122 -0.541226 -0.534523
vn -0.227384 -0.961200 -0.156173
vn -0.291844 -0.471720 0.832050
vn -0.917690 -0.216180 -0.333335
vn 0.132384 -0.561969 -0.816496
vn -0.227384 -0.961201 -0.156173
vn -0.649121 -0.541226 -0.534524
vn -0.917690 -0.216181 -0.333334
vn 0.132384 -0.561969 -0.816496
vn -0.420902 -0.680324 0.600000
vn -0.291844 -0.471719 0.832051
vn -0.291843 -0.471720 0.832050
vn -0.067285 -0.742314 -0.666665
vn 0.415730 -0.909488 0.000000
vn -0.635549 -0.680252 -0.365149
vn -0.909143 0.082410 -0.408249
vn -0.372030 -0.601327 0.707107
vn 0.216180 -0.917691 0.333332
vn -0.519178 0.854666 -0.000109
vn -0.267880 0.617752 -0.739339
vn -0.747541 0.065647 -0.660964
vn -0.971125 0.100317 -0.216455
vn 0.242597 -0.543843 -0.803356
vn 0.453604 -0.891203 0.001025
vn 0.659072 -0.658135 -0.363981
vn -0.109164 -0.908090 -0.404296
vn 0.506619 -0.145522 -0.849800
vn 0.994132 -0.108167 -0.001069
vn 0.637752 -0.679906 -0.361939
vn -0.117533 -0.909578 -0.398564
vn -0.600441 0.373358 0.707159
vn -0.333744 0.420914 0.843472
vn -0.653369 0.663566 -0.364403
vn -0.588335 0.392229 0.707119
vn 0.659734 0.000163 0.751499
vn 0.584098 -0.398364 0.707203
vn 0.494047 -0.526229 0.692098
vn 0.589776 -0.390080 0.707109
vn 0.111250 0.906968 -0.406242
vn -0.986183 0.165657 0.000560
vn -0.969774 0.110600 -0.217501
vn -0.593801 0.383931 0.707105
vn -0.468594 -0.111028 0.876409
vn 0.739693 -0.088149 -0.667147
vn 0.968696 -0.115280 -0.219859
vn 0.338407 -0.940999 0.001017
vn -0.107844 -0.907840 -0.405212
vn 0.590660 -0.388743 0.707107
vn 0.116586 -0.565461 0.816493
vn -0.662138 0.654342 -0.365254
vn -0.920782 -0.390077 0.000288
vn -0.923389 -0.190377 0.333331
vn -0.590666 0.388746 0.707100
vn 0.107850 0.906305 -0.408631
vn -0.740206 0.088077 -0.666586
vn -0.229961 0.973200 -0.000278
vn -0.216731 0.917201 0.334322
vn -0.132704 0.560226 -0.817641
vn 0.973279 0.229625 -0.000919
vn 0.916560 0.215224 -0.337041
vn 0.560522 0.132244 0.817512
vn 0.745417 -0.069755 -0.662939
vn 0.970338 -0.103215 -0.218613
vn 0.598566 -0.376369 0.707153
vn -0.593608 0.156109 -0.789468
vn -0.742739 0.081236 -0.664635
vn -0.974007 -0.226518 0.000003
vn -0.509353 -0.312509 -0.801809
vn -0.312535 0.509474 -0.801722
vn -0.226667 0.973972 -0.000006
vn -0.520127 -0.854089 0.000000
vn -0.369267 -0.603017 -0.707115
vn -0.496544 -0.304083 -0.813005
vn -0.980513 -0.196453 0.000000
vn 0.226842 -0.973932 0.000000
vn 0.312348 -0.510274 -0.801286
vn 0.962748 0.270401 0.000000
vn 0.598306 -0.027174 -0.800807
vn 0.493319 0.325283 -0.806739
vn 0.969381 0.245561 0.000000
vn 0.847924 -0.530118 0.000000
vn 0.599573 -0.374850 -0.707107
vn 0.950553 0.310562 0.000000
vn 0.462358 0.359481 -0.810555
vn 0.311977 -0.513481 -0.799379
vn 0.224691 -0.974427 0.002517
vn -0.218625 0.975807 0.001750
vn -0.306195 0.520541 -0.797045
vn 0.064453 0.744714 -0.664264
vn 0.165366 0.969330 -0.181808
vn -0.835675 0.549225 0.000060
vn -0.590796 0.388291 -0.707242
vn -0.510120 -0.309988 -0.802300
vn -0.976628 -0.214935 0.001084
vn -0.341398 0.939919 0.000000
vn -0.087435 0.417350 -0.904530
vn 0.516117 0.301173 -0.801822
vn 0.978780 0.204914 -0.000001
vn -0.538352 -0.842720 0.000002
vn -0.378599 -0.597192 -0.707124
vn -0.671408 -0.140661 -0.727617
vn -0.919528 -0.393026 0.000001
vn -0.955251 0.251210 -0.156173
vn -0.565084 -0.118372 -0.816497
vn 0.972335 0.233589 0.000001
vn 0.507732 0.315994 -0.801471
vn 0.316910 -0.506698 -0.801764
vn 0.235000 -0.971995 0.000000
vn -0.637417 -0.678503 -0.365148
vn -0.908912 0.084917 -0.408251
vn -0.373680 -0.600303 -0.707107
vn -0.528463 -0.848956 -0.000001
vn -0.370192 -0.602457 -0.707110
vn -0.524767 -0.851246 0.000000
vn 0.974739 0.223345 0.000000
vn 0.591684 -0.060586 -0.803890
vn -0.069329 -0.742130 -0.666661
vn -0.090773 -0.971671 -0.218211
vn 0.057125 0.596849 -0.800317
vn -0.220669 0.975349 -0.000002
vn 0.219367 -0.975642 0.000000
vn -0.058356 -0.596320 -0.800623
vn -0.592701 0.061527 -0.803069
vn -0.975527 -0.219880 -0.000000
vn -0.595268 0.803528 0.000000
vn -0.466948 0.511964 -0.721008
vn -0.197004 0.677897 -0.708269
vn -0.251363 0.967893 0.000000
vn 0.256028 0.966669 0.000000
vn 0.140041 0.688270 -0.711809
vn -0.041072 0.999156 0.000000
vn -0.058846 0.702102 -0.709641
vn 0.528889 0.848691 -0.000008
vn 0.374142 0.600011 -0.707111
vn 0.373494 0.600417 -0.707107
vn 0.528201 0.849119 -0.000002
vn 0.373496 0.600418 -0.707105
vn 0.528203 0.849118 -0.000003
vn 0.369934 0.602604 -0.707119
vn 0.520654 0.853768 -0.000002
vn 0.049086 0.600425 -0.798173
vn -0.228733 0.973489 0.000000
vn -0.521236 -0.853413 0.000000
vn -0.366374 -0.604768 -0.707125
vn 0.841547 -0.540183 0.000000
vn 0.595084 -0.381936 -0.707107
vn 0.311477 -0.515941 -0.797989
vn 0.229213 -0.973376 0.000000
vn -0.229370 0.973339 0.000000
vn -0.311583 0.515821 -0.798025
vn 0.500951 0.316328 -0.805596
vn 0.973340 0.229368 0.000000
vn 0.976601 0.215060 -0.000002
vn 0.590662 -0.066059 -0.804211
vn 0.593579 -0.068849 0.801825
vn 0.508276 0.308060 0.804211
vn 0.373819 0.600218 0.707105
vn -0.508992 -0.309843 0.803072
vn -0.382721 -0.594557 0.707125
vn 0.589484 -0.059366 0.805596
vn 0.595044 -0.381999 0.707107
vn -0.311342 0.515738 0.798173
vn 0.048480 0.600671 0.798025
vn -0.048523 -0.600715 0.797989
vn -0.370741 -0.602101 0.707125
vn 0.307993 -0.513949 0.800623
vn 0.366366 0.604780 0.707119
vn 0.373497 0.600419 0.707105
vn 0.373497 0.600420 0.707104
vn -0.308482 0.514133 0.800316
vn 0.506274 0.312166 0.803890
vn -0.373679 -0.600302 0.707108
vn -0.594984 0.055682 0.801806
vn 0.055470 0.595120 0.801720
vn -0.371936 -0.601380 0.707111
vn -0.373678 -0.600301 0.707109
vn 0.595865 -0.050871 0.801472
vn -0.050429 -0.595510 0.801764
vn -0.373680 -0.600303 0.707107
vn -0.593642 0.068723 0.801790
vn 0.068706 0.593660 0.801777
vn -0.524919 0.662377 -0.534525
vn -0.193288 0.922782 -0.333336
vn 0.839671 -0.543096 0.000088
vn 0.593722 -0.384010 -0.707129
vn 0.308798 -0.517366 -0.798108
vn 0.222848 -0.974853 0.000967
vn 0.644269 0.629803 -0.433897
vn 0.910646 -0.078296 -0.405701
vn 0.510054 0.313070 -0.801144
vn 0.975428 0.220312 0.001408
vn 0.419228 0.681300 0.600065
vn 0.289798 0.472978 0.832051
vn -0.504192 -0.309948 -0.806054
vn -0.976828 -0.214023 0.000423
vn -0.591226 0.388662 -0.706677
vn -0.835663 0.549242 -0.000231
vn 0.839668 -0.543100 -0.000127
vn 0.594291 -0.384424 -0.706425
vn 0.590894 -0.062979 0.804288
vn 0.593740 -0.384022 0.707107
vn 0.593754 -0.384027 0.707092
vn -0.586354 0.070576 0.806975
vn -0.590919 0.388360 0.707101
vn -0.590937 0.388368 0.707081
vn -0.589903 0.066835 0.804703
vn -0.053508 -0.599293 0.798739
vn -0.055888 -0.595773 0.801206
vn 0.055134 0.600063 0.798050
vn 0.057637 0.588741 0.806264
vn -0.319005 0.498168 -0.806265
vn 0.378602 0.597204 -0.707112
vn 0.376331 0.598685 0.707072
vn -0.598095 0.041252 0.800363
vn -0.505632 -0.322110 -0.800363
vn -0.189905 -0.654092 0.732189
vn -0.001834 -0.681100 -0.732188
vn 0.975714 0.219049 0.000000
vn 0.839291 -0.543683 0.000001
vn 0.576413 -0.145256 0.804144
vn 0.689932 0.154891 0.707108
vn 0.539494 -0.821957 -0.182573
vn 0.140703 -0.692967 0.707107
vn -0.466994 -0.377897 -0.799444
vn -0.308893 -0.487760 -0.816502
vn -0.810712 -0.556247 -0.182579
vn -0.543683 -0.839291 0.000003
vn 0.294315 -0.955708 0.000032
vn 0.349045 -0.479647 -0.805051
vn -0.490133 -0.337614 -0.803609
vn -0.961979 -0.273124 -0.000000
vn 0.386720 0.922197 -0.000002
vn 0.275292 0.651305 -0.707118
vn 0.450255 0.395558 -0.800503
vn 0.920117 0.391644 -0.000005
vn -0.198839 0.980032 -0.000004
vn 0.058423 0.720268 -0.691232
vn -0.391583 0.446832 -0.804366
vn -0.381164 0.924507 0.000003
vn -0.394931 0.918711 -0.000002
vn -0.266052 0.654540 -0.707668
vn -0.336334 0.621627 -0.707432
vn -0.489132 0.872210 -0.000001
vn 0.083159 -0.926590 -0.366764
vn -0.699348 -0.591639 -0.401093
vn 0.106895 -0.697583 -0.708485
vn 0.120876 -0.992668 0.000184
vn -0.118023 -0.993011 0.000004
vn -0.065275 -0.549199 -0.833138
vn -0.156129 -0.689602 -0.707159
vn -0.226735 -0.973957 0.000005
vn 0.334624 0.942352 -0.000005
vn 0.235736 0.666652 -0.707109
vn 0.158748 0.780992 -0.604029
vn 0.199192 0.979961 -0.000002
vn 0.001064 -0.799890 -0.600145
vn 0.001331 -0.999999 0.000005
vn -0.592870 0.805298 0.000000
vn -0.403677 0.579385 -0.708066
vn -0.495301 0.502522 -0.708624
vn -0.724986 0.688764 -0.000006
vn 0.662915 -0.748695 -0.000130
vn 0.473270 -0.525230 -0.707212
vn 0.686257 -0.296954 -0.663980
vn 0.867711 -0.446094 -0.219267
vn -0.830369 0.557214 -0.000004
vn -0.577089 0.407264 -0.707887
vn -0.629622 0.319838 -0.708011
vn -0.902747 0.430172 -0.000002
vn -0.530189 -0.536427 -0.656617
vn -0.702959 -0.711230 0.000003
vn 0.935471 0.353403 -0.000001
vn 0.368588 0.139246 -0.919105
vn -0.413624 0.443520 -0.795113
vn -0.307170 0.951655 -0.000003
vn 0.775888 -0.630870 0.000003
vn 0.553184 -0.440187 -0.707265
vn 0.517273 -0.481462 -0.707547
vn 0.719848 -0.694132 0.000001
vn -0.131554 -0.561509 0.816946
vn -0.637341 -0.316296 -0.702675
vn -0.899475 0.021716 -0.436432
vn -0.837148 0.546977 -0.000002
vn -0.574996 0.145832 0.805055
vn -0.689933 -0.154891 0.707108
vn -0.689935 -0.154891 0.707106
vn -0.153960 -0.580676 0.799445
vn -0.689936 -0.154892 0.707105
vn -0.689933 -0.154891 -0.707107
vn -0.796515 0.504435 -0.333330
vn -0.364491 0.468012 -0.805054
vn 0.368212 -0.466661 -0.804144
vn 0.481320 -0.318847 -0.816497
vn 0.689934 0.154891 -0.707107
vn 0.743250 -0.560627 -0.365071
vn 0.635794 -0.309162 0.707238
vn 0.651001 -0.275989 0.707126
vn 0.972952 0.076096 -0.218115
vn -0.000810 -0.913922 -0.405889
vn 0.597212 0.050294 0.800505
vn -0.018746 -0.592912 0.805049
vn 0.742882 0.064250 -0.666332
vn -0.037117 0.592975 0.804365
vn 0.271603 0.652855 0.707115
vn -0.147304 0.577628 0.802899
vn -0.594423 0.029691 0.803604
vn 0.499953 -0.499424 0.707547
vn 0.463879 -0.533101 0.707545
vn 0.337226 -0.618149 0.710050
vn 0.192167 -0.679196 0.708353
vn 0.543781 -0.451749 0.707266
vn -0.645012 0.287544 0.708010
vn -0.188303 0.393751 0.899724
vn 0.608897 0.230030 0.759165
vn 0.237493 0.666031 0.707106
vn -0.164493 -0.687654 0.707159
vn -0.350095 -0.354214 0.867160
vn 0.053448 -0.316363 -0.947131
vn 0.201655 -0.979457 0.000000
vn -0.595609 0.379668 0.707886
vn -0.433345 0.557547 0.708063
vn -0.527231 0.468921 0.708619
vn 0.063629 -0.702885 0.708452
vn 0.000738 -0.554555 0.832147
vn -0.002909 0.999996 -0.000002
vn -0.001612 0.554032 -0.832494
vn -0.083160 0.701064 -0.708233
vn -0.145809 0.989313 -0.000001
vn 0.109689 0.539636 0.834722
vn -0.094273 -0.793186 0.601638
vn -0.291911 0.643425 0.707667
vn -0.355005 0.611157 0.707431
vn -0.214110 0.673363 0.707630
vn -0.284626 0.958639 -0.000001
vn -0.188039 0.681103 -0.707630
vn 0.040303 -0.516208 0.855514
vn 0.413530 0.113307 0.903413
vn 0.964452 0.264259 0.000002
vn 0.598946 -0.030115 -0.800223
vn -0.689931 -0.154904 -0.707107
vn 0.370730 -0.620351 -0.691175
vn 0.276776 -0.960934 0.000000
vn 0.024570 -0.109349 -0.993700
vn -0.002972 -0.606378 0.795171
vn 0.689932 0.154903 0.707106
vn 0.417934 0.681931 -0.600251
vn 0.289961 0.473095 0.831928
vn 0.400831 0.692340 0.600000
vn 0.354266 0.611918 -0.707143
vn 0.361502 0.607980 0.706878
vn 0.357671 0.609645 -0.707392
vn -0.301761 0.396923 -0.866829
vn -0.457405 0.889258 0.000000
vn -0.413243 0.430864 0.802238
vn -0.520678 -0.785992 -0.333332
vn -0.040168 -0.898840 -0.436433
vn -0.002325 0.799498 0.600665
vn -0.122634 0.695247 0.708232
vn -0.943189 -0.332256 -0.000007
vn -0.377891 -0.133119 0.916230
vn -0.620918 -0.218731 -0.752740
vn 0.125858 -0.452093 -0.883047
vn 0.268191 -0.963366 0.000002
vn 0.195328 -0.701636 0.685240
vn 0.543683 0.839291 -0.000002
vn 0.233758 0.360856 0.902851
vn 0.374965 0.578838 -0.724119
vn -0.400796 0.916167 -0.000005
vn -0.068870 0.605294 0.793017
vn -0.397776 0.461402 -0.793021
vn -0.931073 -0.364833 0.000002
vn -0.877825 -0.343969 0.333329
vn -0.537557 -0.210638 -0.816495
vn 0.908081 -0.418794 0.000002
vn 0.373082 -0.466605 0.801929
vn 0.357835 -0.231483 -0.904638
vn 0.581679 0.466053 -0.666666
vn 0.761596 0.610207 -0.218219
vn 0.691300 0.148674 0.707107
vn -0.159185 0.784003 0.599999
vn 0.040168 0.898838 -0.436436
vn 0.278429 -0.900759 -0.333332
vn 0.551601 0.170499 -0.816497
vn 0.977766 -0.103150 -0.182577
vn 0.295316 -0.955400 0.000007
vn 0.660448 -0.612049 -0.434977
vn 0.622699 -0.334987 0.707128
vn 0.625358 -0.330044 0.707106
vn 0.170498 -0.551599 0.816498
vn 0.268034 -0.905181 -0.329858
vn -0.465170 0.584179 -0.665096
vn -0.604724 0.766082 -0.217779
vn -0.145613 0.691947 0.707112
vn 0.718932 0.562558 -0.408247
vn 0.581676 0.466053 -0.666669
vn 0.367351 0.930082 -0.000002
vn 0.930852 0.013444 -0.365148
vn 0.570799 -0.712407 -0.408247
vn 0.691301 0.148673 0.707106
vn 0.511590 0.791937 0.333334
vn 0.841548 -0.540183 0.000000
vn 0.595084 -0.381936 -0.707107
vn 0.741081 -0.079725 -0.666666
vn 0.965441 -0.185983 -0.182574
vn 0.213260 -0.976996 0.000000
vn -0.097342 -0.907667 -0.408246
vn 0.741104 -0.079486 -0.666668
vn 0.965501 -0.185671 -0.182575
vn 0.616580 -0.655250 -0.436437
vn -0.097650 -0.907632 -0.408250
vn 0.741082 -0.079727 -0.666664
vn 0.977067 0.212933 0.000000
vn -0.969417 -0.245421 0.000000
vn -0.910386 0.067306 -0.408249
vn -0.054954 -0.743328 -0.666666
vn 0.245421 -0.969417 0.000000
vn -0.627634 -0.402033 0.666667
vn 0.492387 -0.768693 0.408248
vn 0.673168 -0.432255 0.600000
vn 0.784700 0.466457 0.408246
vn 0.673308 -0.432038 0.600000
vn 0.616790 -0.655052 -0.436435
vn 0.595044 -0.381999 0.707107
vn 0.466758 -0.299715 0.832050
vn -0.097348 -0.907666 -0.408247
vn 0.466855 -0.299564 0.832050
vn 0.381076 -0.640578 0.666664
vn -0.839714 0.543029 0.000000
vn -0.593788 0.383948 -0.707107
vn -0.740804 0.082231 -0.666669
vn -0.964806 0.189249 -0.182575
vn -0.209950 0.977712 -0.000001
vn 0.100415 0.907332 -0.408246
vn -0.740834 0.082003 -0.666664
vn -0.964865 0.188950 -0.182576
vn -0.614356 0.657336 -0.436437
vn 0.100724 0.907296 -0.408250
vn -0.740808 0.082239 -0.666663
vn -0.977784 -0.209617 0.000000
vn 0.970249 0.242111 0.000000
vn 0.910147 -0.070426 -0.408255
vn 0.057480 0.743142 -0.666660
vn -0.242114 0.970248 0.000000
vn 0.628992 0.399894 0.666674
vn -0.489754 0.770376 0.408242
vn -0.671700 0.434533 0.600000
vn -0.786279 -0.463790 0.408245
vn -0.671838 0.434320 0.600000
vn -0.614566 0.657139 -0.436436
vn -0.593747 0.384011 0.707107
vn -0.465741 0.301294 0.832050
vn 0.100430 0.907329 -0.408249
vn -0.465835 0.301147 0.832050
vn -0.378904 0.641865 0.666664
vn -0.669650 0.437685 0.600000
vn -0.464319 0.303480 0.832050
vn 0.140704 -0.692967 0.707107
vn -0.572795 0.693849 -0.436440
vn 0.156318 0.899385 -0.408255
vn -0.734352 0.127618 -0.666664
vn -0.951349 0.248198 -0.182573
vn -0.575365 0.089319 0.813005
vn -0.446342 0.329350 0.832050
vn -0.643726 0.474992 0.600000
vn -0.353731 0.595837 0.721008
vn 0.588686 -0.051192 0.806739
vn 0.599573 -0.374850 0.707107
vn -0.157745 0.688093 0.708269
vn 0.001023 0.704563 0.709641
vn 0.219005 0.667356 0.711809
vn 0.585412 -0.017157 0.810555
vn 0.496665 0.334711 0.800807
vn -0.054734 -0.595773 0.801286
vn -0.366292 -0.604829 0.707115
vn 0.917377 0.217501 0.333335
vn 0.133191 -0.561776 0.816497
vn 0.217501 -0.917378 -0.333334
vn 0.561778 0.133193 -0.816496
vn 0.927018 0.212872 0.308746
vn 0.148042 -0.581342 0.800078
vn 0.206555 -0.899390 -0.385271
vn 0.542974 0.140005 -0.827996
vn 0.523477 0.784130 -0.333333
vn -0.480180 0.320564 -0.816496
vn -0.536559 0.823874 -0.182580
vn 0.707558 0.706655 -0.000002
vn -0.744817 0.667269 -0.000003
vn -0.880553 0.240751 0.408247
vn -0.138233 0.693466 0.707104
vn 0.043370 0.898687 -0.436441
vn -0.138233 0.693468 0.707102
vn 0.196576 0.718970 0.666663
vn 0.523476 0.784131 -0.333334
vn -0.480180 0.320562 -0.816497
vn 0.189624 -0.923544 -0.333331
vn 0.093949 -0.421802 -0.901808
vn 0.217405 -0.976081 0.000000
vn 0.201126 -0.979565 0.000000
vn 0.150428 -0.675374 0.721971
vn 0.116121 -0.565556 0.816494
vn -0.632513 -0.683077 -0.365148
vn -0.909502 0.078354 -0.408248
vn -0.506244 -0.313928 -0.803222
vn -0.973769 -0.227540 0.000000
vn -0.063973 -0.742603 -0.666669
vn -0.083761 -0.972298 -0.218219
vn -0.592938 0.057083 0.803222
vn -0.975178 -0.221422 0.000000
vn -0.780616 -0.473260 0.408244
vn -0.741750 0.073276 -0.666662
vn -0.369346 -0.602979 0.707107
vn -0.369347 -0.602978 0.707107
vn -0.392470 0.633656 0.666668
vn 0.081102 0.909262 -0.408246
vn -0.742410 0.066217 -0.666666
vn -0.776071 -0.480675 0.408247
vn -0.381249 0.630022 0.676551
vn 0.075306 0.909162 -0.409577
vn -0.742640 0.074609 -0.665522
vn -0.789109 -0.492421 0.367190
vn 0.457229 -0.588641 -0.666666
vn 0.924435 -0.381340 0.000004
vn -0.000594 -0.930952 -0.365142
vn -0.720936 -0.559986 -0.408249
vn -0.432030 -0.901859 0.000005
vn 0.598653 -0.770712 -0.218212
vn 0.138231 -0.693460 0.707110
vn -0.320561 -0.480179 0.816498
vn 0.784128 -0.523476 0.333341
vn 0.138231 -0.693460 0.707111
vn 0.457229 -0.588640 -0.666667
vn -0.720933 -0.559991 -0.408248
vn -0.740060 0.088672 -0.666669
vn -0.979565 -0.201126 0.000000
vn -0.217405 0.976081 0.000000
vn -0.093949 0.421802 -0.901808
vn -0.150428 0.675374 0.721971
vn -0.790265 -0.456960 0.408251
vn 0.165446 0.969172 -0.182574
vn 0.973769 0.227540 0.000000
vn 0.506244 0.313928 -0.803222
vn -0.134888 0.561372 -0.816497
vn 0.642014 0.630352 -0.436434
vn 0.916716 0.220280 -0.333331
vn 0.592938 -0.057083 0.803222
vn 0.127837 -0.563013 0.816501
vn 0.221422 -0.975178 0.000000
vn 0.208758 -0.919405 -0.333338
vn 0.369346 0.602979 0.707107
vn 0.369345 0.602979 0.707107
f 1//1 2//2 3//3
f 1//1 3//3 4//4
f 5//5 6//6 2//2
f 5//5 2//2 1//1
f 7//7 1//1 4//4
f 7//7 4//4 8//8
f 9//9 10//10 11//11
f 9//9 11//11 12//12
f 11//11 13//13 14//14
f 11//11 14//14 12//12
f 15//15 16//16 17//17
f 15//15 17//17 18//18
f 19//19 20//20 15//15
f 19//19 15//15 18//18
f 7//7 21//21 5//5
f 7//7 5//5 1//1
f 22//22 23//23 24//24
f 22//22 24//24 25//25
f 19//19 18//18 5//5
f 19//19 5//5 21//21
f 9//9 12//12 15//15
f 9//9 15//15 20//20
f 26//26 24//24 11//11
f 26//26 11//11 10//10
f 24//24 26//26 27//27
f 24//24 27//27 25//25
f 28//28 29//29 30//30
f 28//28 30//30 31//31
f 32//32 33//33 34//34
f 32//32 34//34 35//35
f 36//36 37//37 38//38
f 36//36 38//38 39//39
f 28//28 40//40 41//41
f 28//28 41//41 29//29
f 42//42 43//43 40//40
f 42//42 40//40 28//28
f 44//44 39//39 38//38
f 44//44 38//38 45//45
f 46//46 35//35 34//34
f 46//46 34//34 47//47
f 42//42 28//28 31//31
f 42//42 31//31 48//48
f 49//49 50//50 51//51
f 49//49 51//51 52//52
f 53//53 54//54 55//55
f 53//53 55//55 56//56
f 57//57 56//56 55//55
f 57//57 55//55 58//58
f 59//59 60//60 61//61
f 59//59 61//61 62//62
f 59//59 62//62 63//63
f 59//59 63//63 64//64
f 28//28 40//40 65//65
f 28//28 65//65 66//66
f 31//31 28//28 66//66
f 31//31 66//66 67//67
f 39//39 36//36 68//68
f 39//39 68//68 69//69
f 44//44 39//39 69//69
f 44//44 69//69 70//70
f 71//71 36//36 39//39
f 71//71 39//39 72//72
f 73//73 72//72 39//39
f 73//73 39//39 44//44
f 43//43 42//42 52//52
f 43//43 52//52 51//51
f 56//56 57//57 45//45
f 56//56 45//45 38//38
f 60//60 59//59 29//29
f 60//60 29//29 41//41
f 72//72 73//73 47//47
f 72//72 47//47 34//34
f 49//49 52//52 74//74
f 49//49 74//74 75//75
f 76//76 77//77 78//78
f 76//76 78//78 79//79
f 80//80 81//81 82//82
f 80//80 82//82 83//83
f 84//84 80//80 83//83
f 84//84 83//83 85//85
f 86//86 87//87 88//88
f 86//86 88//88 89//89
f 90//90 84//84 85//85
f 90//90 85//85 91//91
f 92//92 86//86 89//89
f 92//92 89//89 93//93
f 35//35 94//94 95//95
f 35//35 95//95 32//32
f 96//96 97//97 98//98
f 96//96 98//98 99//99
f 100//100 96//96 99//99
f 100//100 99//99 101//101
f 94//94 102//102 103//103
f 94//94 103//103 95//95
f 104//104 105//105 106//106
f 104//104 106//106 107//107
f 108//108 109//109 110//110
f 108//108 110//110 111//111
f 112//112 113//113 110//110
f 112//112 110//110 109//109
f 114//114 115//115 116//116
f 114//114 116//116 117//117
f 118//118 119//119 120//120
f 118//118 120//120 121//121
f 115//115 122//122 123//123
f 115//115 123//123 116//116
f 124//124 114//114 117//117
f 124//124 117//117 125//125
f 122//122 126//126 127//127
f 122//122 127//127 123//123
f 77//77 128//128 129//129
f 77//77 129//129 78//78
f 119//119 76//76 79//79
f 119//119 79//79 120//120
f 130//130 124//124 125//125
f 130//130 125//125 131//131
f 128//128 132//132 133//133
f 128//128 133//133 129//129
f 134//134 135//135 136//136
f 134//134 136//136 137//137
f 138//138 92//92 93//93
f 138//138 93//93 139//139
f 140//140 138//138 139//139
f 140//140 139//139 141//141
f 135//135 140//140 141//141
f 135//135 141//141 136//136
f 142//142 143//143 144//144
f 142//142 144//144 145//145
f 143//143 146//146 147//147
f 143//143 147//147 144//144
f 146//146 148//148 149//149
f 146//146 149//149 147//147
f 148//148 150//150 151//151
f 148//148 151//151 149//149
f 152//152 130//130 131//131
f 152//152 131//131 153//153
f 154//154 155//155 156//156
f 154//154 156//156 157//157
f 155//155 152//152 153//153
f 155//155 153//153 156//156
f 158//158 159//159 160//160
f 158//158 160//160 161//161
f 150//150 158//158 161//161
f 150//150 161//161 151//151
f 159//159 154//154 157//157
f 159//159 157//157 160//160
f 132//132 108//108 111//111
f 132//132 111//111 133//133
f 162//162 142//142 145//145
f 162//162 145//145 163//163
f 105//105 162//162 163//163
f 105//105 163//163 106//106
f 164//164 165//165 162//162
f 164//164 162//162 105//105
f 165//165 166//166 142//142
f 165//165 142//142 162//162
f 167//167 168//168 108//108
f 167//167 108//108 132//132
f 169//169 170//170 154//154
f 169//169 154//154 159//159
f 171//171 172//172 158//158
f 171//171 158//158 150//150
f 172//172 169//169 159//159
f 172//172 159//159 158//158
f 173//173 174//174 152//152
f 173//173 152//152 155//155
f 170//170 173//173 155//155
f 170//170 155//155 154//154
f 174//174 175//175 130//130
f 174//174 130//130 152//152
f 176//176 171//171 150//150
f 176//176 150//150 148//148
f 177//177 176//176 148//148
f 177//177 148//148 146//146
f 178//178 177//177 146//146
f 178//178 146//146 143//143
f 166//166 178//178 143//143
f 166//166 143//143 142//142
f 179//179 167//167 132//132
f 179//179 132//132 128//128
f 175//175 180//180 124//124
f 175//175 124//124 130//130
f 181//181 182//182 76//76
f 181//181 76//76 119//119
f 183//183 179//179 128//128
f 183//183 128//128 77//77
f 184//184 185//185 126//126
f 184//184 126//126 122//122
f 180//180 186//186 114//114
f 180//180 114//114 124//124
f 187//187 184//184 122//122
f 187//187 122//122 115//115
f 185//185 188//188 118//118
f 185//185 118//118 126//126
f 188//188 181//181 119//119
f 188//188 119//119 118//118
f 186//186 187//187 115//115
f 186//186 115//115 114//114
f 168//168 189//189 109//109
f 168//168 109//109 108//108
f 190//190 164//164 105//105
f 190//190 105//105 104//104
f 182//182 183//183 77//77
f 182//182 77//77 76//76
f 104//104 107//107 191//191
f 104//104 191//191 192//192
f 193//193 194//194 195//195
f 193//193 195//195 196//196
f 197//197 198//198 199//199
f 197//197 199//199 200//200
f 97//97 201//201 202//202
f 97//97 202//202 197//197
f 194//194 203//203 204//204
f 194//194 204//204 195//195
f 102//102 205//205 206//206
f 102//102 206//206 103//103
f 205//205 100//100 101//101
f 205//205 101//101 206//206
f 203//203 49//49 75//75
f 203//203 75//75 204//204
f 207//207 193//193 196//196
f 207//207 196//196 208//208
f 198//198 207//207 208//208
f 198//198 208//208 199//199
f 35//35 49//49 50//50
f 35//35 50//50 46//46
f 32//32 75//75 49//49
f 32//32 49//49 35//35
f 209//209 210//210 207//207
f 209//209 207//207 198//198
f 210//210 211//211 193//193
f 210//210 193//193 207//207
f 212//212 50//50 49//49
f 212//212 49//49 203//203
f 213//213 214//214 100//100
f 213//213 100//100 205//205
f 215//215 213//213 205//205
f 215//215 205//205 102//102
f 216//216 212//212 203//203
f 216//216 203//203 194//194
f 202//202 209//209 198//198
f 202//202 198//198 197//197
f 211//211 216//216 194//194
f 211//211 194//194 193//193
f 217//217 215//215 102//102
f 217//217 102//102 94//94
f 214//214 218//218 96//96
f 214//214 96//96 100//100
f 218//218 201//201 97//97
f 218//218 97//97 96//96
f 46//46 217//217 94//94
f 46//46 94//94 35//35
f 87//87 90//90 91//91
f 87//87 91//91 88//88
f 219//219 220//220 221//221
f 219//219 221//221 222//222
f 223//223 219//219 222//222
f 223//223 222//222 224//224
f 225//225 223//223 224//224
f 225//225 224//224 226//226
f 227//227 228//228 229//229
f 227//227 229//229 230//230
f 230//230 229//229 231//231
f 230//230 231//231 232//232
f 233//233 234//234 235//235
f 233//233 235//235 236//236
f 237//237 238//238 239//239
f 237//237 239//239 240//240
f 241//241 242//242 243//243
f 241//241 243//243 244//244
f 245//245 246//246 247//247
f 245//245 247//247 248//248
f 246//246 241//241 244//244
f 246//246 244//244 247//247
f 249//249 250//250 251//251
f 249//249 251//251 252//252
f 253//253 254//254 255//255
f 253//253 255//255 256//256
f 257//257 258//258 259//259
f 257//257 259//259 260//260
f 261//261 262//262 263//263
f 261//261 263//263 264//264
f 254//254 265//265 266//266
f 254//254 266//266 255//255
f 267//267 268//268 269//269
f 267//267 269//269 270//270
f 271//271 272//272 273//273
f 271//271 273//273 274//274
f 275//275 276//276 277//277
f 275//275 277//277 278//278
f 258//258 279//279 280//280
f 258//258 280//280 259//259
f 281//281 261//261 264//264
f 281//281 264//264 282//282
f 276//276 283//283 284//284
f 276//276 284//284 277//277
f 285//285 286//286 287//287
f 285//285 287//287 288//288
f 289//289 225//225 226//226
f 289//289 226//226 290//290
f 291//291 292//292 293//293
f 291//291 293//293 294//294
f 234//234 295//295 296//296
f 234//234 296//296 235//235
f 297//297 298//298 235//235
f 297//297 235//235 296//296
f 292//292 291//291 298//298
f 292//292 298//298 297//297
f 299//299 291//291 294//294
f 299//299 294//294 300//300
f 301//301 230//230 232//232
f 301//301 232//232 302//302
f 303//303 227//227 230//230
f 303//303 230//230 301//301
f 304//304 305//305 306//306
f 304//304 306//306 307//307
f 304//304 237//237 240//240
f 304//304 240//240 308//308
f 309//309 306//306 305//305
f 309//309 305//305 242//242
f 307//307 310//310 237//237
f 307//307 237//237 304//304
f 242//242 305//305 311//311
f 242//242 311//311 243//243
f 312//312 313//313 241//241
f 312//312 241//241 246//246
f 314//314 312//312 246//246
f 314//314 246//246 245//245
f 313//313 309//309 242//242
f 313//313 242//242 241//241
f 310//310 315//315 238//238
f 310//310 238//238 237//237
f 286//286 271//271 274//274
f 286//286 274//274 287//287
f 316//316 317//317 271//271
f 316//316 271//271 286//286
f 318//318 319//319 253//253
f 318//318 253//253 272//272
f 320//320 316//316 286//286
f 320//320 286//286 285//285
f 321//321 322//322 283//283
f 321//321 283//283 276//276
f 323//323 324//324 261//261
f 323//323 261//261 281//281
f 325//325 326//326 279//279
f 325//325 279//279 258//258
f 280//280 279//279 327//327
f 280//280 327//327 328//328
f 329//329 321//321 276//276
f 329//329 276//276 275//275
f 317//317 318//318 272//272
f 317//317 272//272 271//271
f 330//330 331//331 268//268
f 330//330 268//268 267//267
f 332//332 333//333 265//265
f 332//332 265//265 254//254
f 334//334 335//335 336//336
f 334//334 336//336 337//337
f 324//324 338//338 262//262
f 324//324 262//262 261//261
f 339//339 325//325 258//258
f 339//339 258//258 257//257
f 319//319 332//332 254//254
f 319//319 254//254 253//253
f 340//340 341//341 250//250
f 340//340 250//250 249//249
f 342//342 340//340 249//249
f 342//342 249//249 343//343
f 343//343 249//249 252//252
f 343//343 252//252 344//344
f 279//279 326//326 345//345
f 279//279 345//345 327//327
f 323//323 281//281 346//346
f 323//323 346//346 347//347
f 348//348 346//346 281//281
f 348//348 281//281 282//282
f 349//349 350//350 351//351
f 349//349 351//351 352//352
f 350//350 353//353 354//354
f 350//350 354//354 351//351
f 352//352 351//351 227//227
f 352//352 227//227 303//303
f 351//351 354//354 228//228
f 351//351 228//228 227//227
f 220//220 355//355 356//356
f 220//220 356//356 221//221
f 346//346 348//348 357//357
f 346//346 357//357 358//358
f 346//346 358//358 347//347
f 358//358 357//357 359//359
f 358//358 359//359 360//360
f 352//352 328//328 327//327
f 352//352 327//327 351//351
f 327//327 345//345 354//354
f 327//327 354//354 351//351
f 300//300 294//294 361//361
f 300//300 361//361 362//362
f 294//294 293//293 363//363
f 294//294 363//363 361//361
f 364//364 365//365 234//234
f 364//364 234//234 233//233
f 363//363 289//289 290//290
f 363//363 290//290 361//361
f 361//361 290//290 362//362
f 334//334 337//337 263//263
f 334//334 263//263 262//262
f 257//257 260//260 266//266
f 257//257 266//266 265//265
f 366//366 334//334 262//262
f 366//366 262//262 338//338
f 339//339 257//257 265//265
f 339//339 265//265 333//333
f 366//366 367//367 335//335
f 366//366 335//335 334//334
f 315//315 368//368 369//369
f 315//315 369//369 238//238
f 238//238 369//369 370//370
f 238//238 370//370 239//239
f 248//248 284//284 283//283
f 248//248 283//283 245//245
f 283//283 322//322 314//314
f 283//283 314//314 245//245
f 370//370 369//369 371//371
f 370//370 371//371 372//372
f 373//373 371//371 369//369
f 373//373 369//369 368//368
f 373//373 320//320 285//285
f 373//373 285//285 371//371
f 371//371 285//285 288//288
f 371//371 288//288 372//372
f 331//331 329//329 275//275
f 331//331 275//275 268//268
f 268//268 275//275 278//278
f 268//268 278//278 269//269
f 341//341 330//330 267//267
f 341//341 267//267 250//250
f 250//250 267//267 270//270
f 250//250 270//270 251//251
f 335//335 343//343 344//344
f 335//335 344//344 336//336
f 367//367 342//342 343//343
f 367//367 343//343 335//335
f 360//360 359//359 356//356
f 360//360 356//356 355//355
f 374//374 375//375 353//353
f 374//374 353//353 350//350
f 376//376 374//374 350//350
f 376//376 350//350 349//349
f 245//245 314//314 377//377
f 245//245 377//377 378//378
f 248//248 245//245 378//378
f 248//248 378//378 379//379
f 378//378 377//377 380//380
f 378//378 380//380 381//381
f 379//379 378//378 381//381
f 379//379 381//381 382//382
f 351//351 354//354 383//383
f 351//351 383//383 384//384
f 352//352 351//351 384//384
f 352//352 384//384 385//385
f 386//386 385//385 384//384
f 386//386 384//384 387//387
f 384//384 383//383 388//388
f 384//384 388//388 387//387
f 389//389 375//375 374//374
f 389//389 374//374 390//390
f 391//391 392//392 393//393
f 391//391 393//393 394//394
f 395//395 396//396 345//345
f 395//395 345//345 327//327
f 392//392 397//397 398//398
f 392//392 398//398 393//393
f 396//396 395//395 393//393
f 396//396 393//393 398//398
f 399//399 395//395 327//327
f 399//399 327//327 328//328
f 361//361 400//400 401//401
f 361//361 401//401 362//362
f 402//402 400//400 361//361
f 402//402 361//361 363//363
f 400//400 402//402 389//389
f 400//400 389//389 390//390
f 390//390 374//374 376//376
f 390//390 376//376 403//403
f 404//404 405//405 406//406
f 404//404 406//406 407//407
f 408//408 406//406 387//387
f 408//408 387//387 388//388
f 406//406 408//408 409//409
f 406//406 409//409 407//407
f 410//410 411//411 412//412
f 410//410 412//412 413//413
f 414//414 415//415 416//416
f 414//414 416//416 417//417
f 418//418 419//419 420//420
f 418//418 420//420 421//421
f 422//422 423//423 424//424
f 422//422 424//424 425//425
f 426//426 427//427 423//423
f 426//426 423//423 422//422
f 428//428 429//429 419//419
f 428//428 419//419 418//418
f 430//430 431//431 410//410
f 430//430 410//410 432//432
f 428//428 418//418 411//411
f 428//428 411//411 433//433
f 432//432 410//410 413//413
f 432//432 413//413 434//434
f 431//431 433//433 411//411
f 431//431 411//411 410//410
f 430//430 432//432 415//415
f 430//430 415//415 435//435
f 436//436 435//435 415//415
f 436//436 415//415 414//414
f 437//437 438//438 439//439
f 437//437 439//439 440//440
f 441//441 442//442 443//443
f 441//441 443//443 444//444
f 445//445 446//446 447//447
f 445//445 447//447 448//448
f 449//449 450//450 451//451
f 449//449 451//451 452//452
f 453//453 454//454 450//450
f 453//453 450//450 449//449
f 455//455 456//456 446//446
f 455//455 446//446 445//445
f 457//457 458//458 437//437
f 457//457 437//437 459//459
f 455//455 445//445 438//438
f 455//455 438//438 460//460
f 459//459 437//437 440//440
f 459//459 440//440 461//461
f 458//458 460//460 438//438
f 458//458 438//438 437//437
f 457//457 459//459 442//442
f 457//457 442//442 462//462
f 463//463 462//462 442//442
f 463//463 442//442 441//441
f 464//464 190//190 104//104
f 464//464 104//104 192//192
f 464//464 192//192 112//112
f 464//464 112//112 465//465
f 189//189 465//465 112//112
f 189//189 112//112 109//109
f 466//466 365//365 232//232
f 466//466 232//232 231//231
f 365//365 466//466 295//295
f 365//365 295//295 234//234
f 467//467 134//134 137//137
f 467//467 137//137 468//468
f 81//81 469//469 470//470
f 81//81 470//470 82//82
f 471//471 472//472 469//469
f 471//471 469//469 81//81
f 473//473 467//467 469//469
f 473//473 469//469 472//472
f 473//473 474//474 134//134
f 473//473 134//134 467//467
f 475//475 476//476 90//90
f 475//475 90//90 87//87
f 477//477 478//478 140//140
f 477//477 140//140 135//135
f 478//478 479//479 138//138
f 478//478 138//138 140//140
f 479//479 480//480 92//92
f 479//479 92//92 138//138
f 474//474 477//477 135//135
f 474//474 135//135 134//134
f 480//480 481//481 86//86
f 480//480 86//86 92//92
f 476//476 482//482 84//84
f 476//476 84//84 90//90
f 481//481 475//475 87//87
f 481//481 87//87 86//86
f 482//482 483//483 80//80
f 482//482 80//80 84//84
f 483//483 471//471 81//81
f 483//483 81//81 80//80
f 484//484 485//485 486//486
f 484//484 486//486 487//487
f 488//488 484//484 487//487
f 488//488 487//487 489//489
f 490//490 491//491 485//485
f 490//490 485//485 484//484
f 492//492 493//493 494//494
f 492//492 494//494 495//495
f 494//494 493//493 496//496
f 494//494 496//496 497//497
f 498//498 499//499 500//500
f 498//498 500//500 501//501
f 502//502 499//499 498//498
f 502//502 498//498 503//503
f 490//490 484//484 488//488
f 490//490 488//488 504//504
f 505//505 506//506 507//507
f 505//505 507//507 508//508
f 502//502 504//504 488//488
f 502//502 488//488 499//499
f 492//492 503//503 498//498
f 492//492 498//498 493//493
f 509//509 495//495 494//494
f 509//509 494//494 507//507
f 507//507 506//506 510//510
f 507//507 510//510 509//509
f 511//511 512//512 513//513
f 511//511 513//513 514//514
f 515//515 516//516 517//517
f 515//515 517//517 518//518
f 519//519 520//520 521//521
f 519//519 521//521 522//522
f 511//511 514//514 523//523
f 511//511 523//523 524//524
f 525//525 511//511 524//524
f 525//525 524//524 526//526
f 527//527 528//528 521//521
f 527//527 521//521 520//520
f 529//529 530//530 517//517
f 529//529 517//517 516//516
f 525//525 531//531 512//512
f 525//525 512//512 511//511
f 532//532 533//533 534//534
f 532//532 534//534 535//535
f 536//536 537//537 538//538
f 536//536 538//538 539//539
f 540//540 541//541 538//538
f 540//540 538//538 537//537
f 542//542 543//543 544//544
f 542//542 544//544 545//545
f 542//542 546//546 547//547
f 542//542 547//547 543//543
f 511//511 548//548 549//549
f 511//511 549//549 524//524
f 512//512 550//550 548//548
f 512//512 548//548 511//511
f 520//520 551//551 552//552
f 520//520 552//552 519//519
f 527//527 553//553 551//551
f 527//527 551//551 520//520
f 554//554 555//555 520//520
f 554//554 520//520 519//519
f 556//556 527//527 520//520
f 556//556 520//520 555//555
f 526//526 534//534 533//533
f 526//526 533//533 525//525
f 537//537 521//521 528//528
f 537//537 528//528 540//540
f 545//545 523//523 514//514
f 545//545 514//514 542//542
f 555//555 517//517 530//530
f 555//555 530//530 556//556
f 532//532 557//557 558//558
f 532//532 558//558 533//533
f 559//559 560//560 561//561
f 559//559 561//561 562//562
f 563//563 564//564 565//565
f 563//563 565//565 566//566
f 567//567 568//568 564//564
f 567//567 564//564 563//563
f 569//569 570//570 571//571
f 569//569 571//571 572//572
f 573//573 574//574 568//568
f 573//573 568//568 567//567
f 575//575 576//576 570//570
f 575//575 570//570 569//569
f 516//516 515//515 577//577
f 516//516 577//577 578//578
f 579//579 580//580 581//581
f 579//579 581//581 582//582
f 583//583 584//584 580//580
f 583//583 580//580 579//579
f 578//578 577//577 585//585
f 578//578 585//585 586//586
f 587//587 588//588 589//589
f 587//587 589//589 590//590
f 591//591 592//592 593//593
f 591//591 593//593 594//594
f 595//595 594//594 593//593
f 595//595 593//593 596//596
f 597//597 598//598 599//599
f 597//597 599//599 600//600
f 601//601 602//602 603//603
f 601//601 603//603 604//604
f 600//600 599//599 605//605
f 600//600 605//605 606//606
f 607//607 608//608 598//598
f 607//607 598//598 597//597
f 606//606 605//605 609//609
f 606//606 609//609 610//610
f 562//562 561//561 611//611
f 562//562 611//611 612//612
f 604//604 603//603 560//560
f 604//604 560//560 559//559
f 613//613 614//614 608//608
f 613//613 608//608 607//607
f 612//612 611//611 615//615
f 612//612 615//615 616//616
f 617//617 618//618 619//619
f 617//617 619//619 620//620
f 621//621 622//622 576//576
f 621//621 576//576 575//575
f 623//623 624//624 622//622
f 623//623 622//622 621//621
f 620//620 619//619 624//624
f 620//620 624//624 623//623
f 625//625 626//626 627//627
f 625//625 627//627 628//628
f 628//628 627//627 629//629
f 628//628 629//629 630//630
f 630//630 629//629 631//631
f 630//630 631//631 632//632
f 632//632 631//631 633//633
f 632//632 633//633 634//634
f 635//635 636//636 614//614
f 635//635 614//614 613//613
f 637//637 638//638 639//639
f 637//637 639//639 640//640
f 640//640 639//639 636//636
f 640//640 636//636 635//635
f 641//641 642//642 643//643
f 641//641 643//643 644//644
f 634//634 633//633 642//642
f 634//634 642//642 641//641
f 644//644 643//643 638//638
f 644//644 638//638 637//637
f 616//616 615//615 592//592
f 616//616 592//592 591//591
f 645//645 646//646 626//626
f 645//645 626//626 625//625
f 590//590 589//589 646//646
f 590//590 646//646 645//645
f 647//647 590//590 645//645
f 647//647 645//645 648//648
f 648//648 645//645 625//625
f 648//648 625//625 649//649
f 650//650 616//616 591//591
f 650//650 591//591 651//651
f 652//652 644//644 637//637
f 652//652 637//637 653//653
f 654//654 634//634 641//641
f 654//654 641//641 655//655
f 655//655 641//641 644//644
f 655//655 644//644 652//652
f 656//656 640//640 635//635
f 656//656 635//635 657//657
f 653//653 637//637 640//640
f 653//653 640//640 656//656
f 657//657 635//635 613//613
f 657//657 613//613 658//658
f 659//659 632//632 634//634
f 659//659 634//634 654//654
f 660//660 630//630 632//632
f 660//660 632//632 659//659
f 661//661 628//628 630//630
f 661//661 630//630 660//660
f 649//649 625//625 628//628
f 649//649 628//628 661//661
f 662//662 612//612 616//616
f 662//662 616//616 650//650
f 658//658 613//613 607//607
f 658//658 607//607 663//663
f 664//664 604//604 559//559
f 664//664 559//559 665//665
f 666//666 562//562 612//612
f 666//666 612//612 662//662
f 667//667 606//606 610//610
f 667//667 610//610 668//668
f 663//663 607//607 597//597
f 663//663 597//597 669//669
f 670//670 600//600 606//606
f 670//670 606//606 667//667
f 668//668 610//610 601//601
f 668//668 601//601 671//671
f 671//671 601//601 604//604
f 671//671 604//604 664//664
f 669//669 597//597 600//600
f 669//669 600//600 670//670
f 651//651 591//591 594//594
f 651//651 594//594 672//672
f 673//673 587//587 590//590
f 673//673 590//590 647//647
f 665//665 559//559 562//562
f 665//665 562//562 666//666
f 587//587 674//674 675//675
f 587//587 675//675 588//588
f 676//676 677//677 678//678
f 676//676 678//678 679//679
f 680//680 681//681 682//682
f 680//680 682//682 683//683
f 582//582 680//680 684//684
f 582//582 684//684 685//685
f 679//679 678//678 686//686
f 679//679 686//686 687//687
f 586//586 585//585 688//688
f 586//586 688//688 689//689
f 689//689 688//688 584//584
f 689//689 584//584 583//583
f 687//687 686//686 557//557
f 687//687 557//557 532//532
f 690//690 691//691 677//677
f 690//690 677//677 676//676
f 683//683 682//682 691//691
f 683//683 691//691 690//690
f 516//516 529//529 535//535
f 516//516 535//535 532//532
f 515//515 516//516 532//532
f 515//515 532//532 557//557
f 692//692 683//683 690//690
f 692//692 690//690 693//693
f 693//693 690//690 676//676
f 693//693 676//676 694//694
f 695//695 687//687 532//532
f 695//695 532//532 535//535
f 696//696 689//689 583//583
f 696//696 583//583 697//697
f 698//698 586//586 689//689
f 698//698 689//689 696//696
f 699//699 679//679 687//687
f 699//699 687//687 695//695
f 684//684 680//680 683//683
f 684//684 683//683 692//692
f 694//694 676//676 679//679
f 694//694 679//679 699//699
f 700//700 578//578 586//586
f 700//700 586//586 698//698
f 697//697 583//583 579//579
f 697//697 579//579 701//701
f 701//701 579//579 582//582
f 701//701 582//582 685//685
f 529//529 516//516 578//578
f 529//529 578//578 700//700
f 572//572 571//571 574//574
f 572//572 574//574 573//573
f 702//702 703//703 704//704
f 702//702 704//704 705//705
f 706//706 707//707 703//703
f 706//706 703//703 702//702
f 708//708 709//709 707//707
f 708//708 707//707 706//706
f 710//710 711//711 712//712
f 710//710 712//712 713//713
f 711//711 714//714 715//715
f 711//711 715//715 712//712
f 716//716 717//717 718//718
f 716//716 718//718 719//719
f 720//720 721//721 722//722
f 720//720 722//722 723//723
f 724//724 725//725 726//726
f 724//724 726//726 727//727
f 728//728 729//729 730//730
f 728//728 730//730 731//731
f 731//731 730//730 725//725
f 731//731 725//725 724//724
f 732//732 733//733 734//734
f 732//732 734//734 735//735
f 736//736 737//737 738//738
f 736//736 738//738 739//739
f 740//740 741//741 742//742
f 740//740 742//742 743//743
f 744//744 745//745 746//746
f 744//744 746//746 747//747
f 739//739 738//738 748//748
f 739//739 748//748 749//749
f 750//750 751//751 752//752
f 750//750 752//752 753//753
f 754//754 755//755 756//756
f 754//754 756//756 757//757
f 758//758 759//759 760//760
f 758//758 760//760 761//761
f 743//743 742//742 762//762
f 743//743 762//762 763//763
f 764//764 765//765 745//745
f 764//764 745//745 744//744
f 761//761 760//760 766//766
f 761//761 766//766 767//767
f 768//768 769//769 770//770
f 768//768 770//770 771//771
f 772//772 773//773 709//709
f 772//772 709//709 708//708
f 774//774 775//775 776//776
f 774//774 776//776 777//777
f 719//719 718//718 778//778
f 719//719 778//778 779//779
f 780//780 778//778 718//718
f 780//780 718//718 781//781
f 777//777 780//780 781//781
f 777//777 781//781 774//774
f 782//782 783//783 775//775
f 782//782 775//775 774//774
f 784//784 785//785 714//714
f 784//784 714//714 711//711
f 786//786 784//784 711//711
f 786//786 711//711 710//710
f 787//787 788//788 789//789
f 787//787 789//789 790//790
f 787//787 791//791 721//721
f 787//787 721//721 720//720
f 792//792 727//727 790//790
f 792//792 790//790 789//789
f 788//788 787//787 720//720
f 788//788 720//720 793//793
f 727//727 726//726 794//794
f 727//727 794//794 790//790
f 795//795 731//731 724//724
f 795//795 724//724 796//796
f 797//797 728//728 731//731
f 797//797 731//731 795//795
f 796//796 724//724 727//727
f 796//796 727//727 792//792
f 793//793 720//720 723//723
f 793//793 723//723 798//798
f 771//771 770//770 755//755
f 771//771 755//755 754//754
f 799//799 771//771 754//754
f 799//799 754//754 800//800
f 801//801 757//757 736//736
f 801//801 736//736 802//802
f 803//803 768//768 771//771
f 803//803 771//771 799//799
f 804//804 761//761 767//767
f 804//804 767//767 805//805
f 806//806 764//764 744//744
f 806//806 744//744 807//807
f 808//808 743//743 763//763
f 808//808 763//763 809//809
f 762//762 810//810 811//811
f 762//762 811//811 763//763
f 812//812 758//758 761//761
f 812//812 761//761 804//804
f 800//800 754//754 757//757
f 800//800 757//757 801//801
f 813//813 750//750 753//753
f 813//813 753//753 814//814
f 815//815 739//739 749//749
f 815//815 749//749 816//816
f 817//817 818//818 819//819
f 817//817 819//819 820//820
f 807//807 744//744 747//747
f 807//807 747//747 821//821
f 822//822 740//740 743//743
f 822//822 743//743 808//808
f 802//802 736//736 739//739
f 802//802 739//739 815//815
f 823//823 732//732 735//735
f 823//823 735//735 824//824
f 825//825 826//826 732//732
f 825//825 732//732 823//823
f 826//826 827//827 733//733
f 826//826 733//733 732//732
f 763//763 811//811 828//828
f 763//763 828//828 809//809
f 806//806 829//829 830//830
f 806//806 830//830 764//764
f 831//831 765//765 764//764
f 831//831 764//764 830//830
f 832//832 833//833 834//834
f 832//832 834//834 835//835
f 835//835 834//834 836//836
f 835//835 836//836 837//837
f 833//833 786//786 710//710
f 833//833 710//710 834//834
f 834//834 710//710 713//713
f 834//834 713//713 836//836
f 705//705 704//704 838//838
f 705//705 838//838 839//839
f 830//830 829//829 840//840
f 830//830 840//840 841//841
f 830//830 841//841 831//831
f 840//840 842//842 843//843
f 840//840 843//843 841//841
f 833//833 834//834 811//811
f 833//833 811//811 810//810
f 811//811 834//834 836//836
f 811//811 836//836 828//828
f 783//783 844//844 845//845
f 783//783 845//845 775//775
f 775//775 845//845 846//846
f 775//775 846//846 776//776
f 847//847 716//716 719//719
f 847//847 719//719 848//848
f 846//846 845//845 773//773
f 846//846 773//773 772//772
f 845//845 844//844 773//773
f 817//817 747//747 746//746
f 817//817 746//746 818//818
f 740//740 749//749 748//748
f 740//740 748//748 741//741
f 849//849 821//821 747//747
f 849//849 747//747 817//817
f 822//822 816//816 749//749
f 822//822 749//749 740//740
f 849//849 817//817 820//820
f 849//849 820//820 850//850
f 798//798 723//723 851//851
f 798//798 851//851 852//852
f 723//723 722//722 853//853
f 723//723 853//853 851//851
f 729//729 728//728 767//767
f 729//729 767//767 766//766
f 767//767 728//728 797//797
f 767//767 797//797 805//805
f 853//853 854//854 855//855
f 853//853 855//855 851//851
f 856//856 852//852 851//851
f 856//856 851//851 855//855
f 856//856 855//855 768//768
f 856//856 768//768 803//803
f 855//855 854//854 769//769
f 855//855 769//769 768//768
f 814//814 753//753 758//758
f 814//814 758//758 812//812
f 753//753 752//752 759//759
f 753//753 759//759 758//758
f 824//824 735//735 750//750
f 824//824 750//750 813//813
f 735//735 734//734 751//751
f 735//735 751//751 750//750
f 820//820 819//819 827//827
f 820//820 827//827 826//826
f 850//850 820//820 826//826
f 850//850 826//826 825//825
f 842//842 839//839 838//838
f 842//842 838//838 843//843
f 857//857 835//835 837//837
f 857//857 837//837 858//858
f 859//859 832//832 835//835
f 859//859 835//835 857//857
f 728//728 860//860 861//861
f 728//728 861//861 797//797
f 729//729 862//862 860//860
f 729//729 860//860 728//728
f 860//860 863//863 864//864
f 860//860 864//864 861//861
f 862//862 865//865 863//863
f 862//862 863//863 860//860
f 834//834 866//866 867//867
f 834//834 867//867 836//836
f 833//833 868//868 866//866
f 833//833 866//866 834//834
f 869//869 870//870 866//866
f 869//869 866//866 868//868
f 866//866 870//870 871//871
f 866//866 871//871 867//867
f 872//872 873//873 857//857
f 872//872 857//857 858//858
f 874//874 875//875 876//876
f 874//874 876//876 877//877
f 878//878 811//811 828//828
f 878//878 828//828 879//879
f 877//877 876//876 880//880
f 877//877 880//880 881//881
f 879//879 880//880 876//876
f 879//879 876//876 878//878
f 882//882 810//810 811//811
f 882//882 811//811 878//878
f 845//845 844//844 883//883
f 845//845 883//883 884//884
f 885//885 846//846 845//845
f 885//885 845//845 884//884
f 884//884 873//873 872//872
f 884//884 872//872 885//885
f 873//873 886//886 859//859
f 873//873 859//859 857//857
f 887//887 888//888 889//889
f 887//887 889//889 890//890
f 891//891 871//871 870//870
f 891//891 870//870 889//889
f 889//889 888//888 892//892
f 889//889 892//892 891//891
f 893//893 894//894 895//895
f 893//893 895//895 896//896
f 897//897 898//898 899//899
f 897//897 899//899 900//900
f 901//901 902//902 903//903
f 901//901 903//903 904//904
f 905//905 906//906 907//907
f 905//905 907//907 908//908
f 909//909 905//905 908//908
f 909//909 908//908 910//910
f 911//911 901//901 904//904
f 911//911 904//904 912//912
f 913//913 914//914 893//893
f 913//913 893//893 915//915
f 911//911 916//916 896//896
f 911//911 896//896 901//901
f 914//914 917//917 894//894
f 914//914 894//894 893//893
f 915//915 893//893 896//896
f 915//915 896//896 916//916
f 913//913 918//918 900//900
f 913//913 900//900 914//914
f 919//919 897//897 900//900
f 919//919 900//900 918//918
f 920//920 921//921 922//922
f 920//920 922//922 923//923
f 924//924 925//925 926//926
f 924//924 926//926 927//927
f 928//928 929//929 930//930
f 928//928 930//930 931//931
f 932//932 933//933 934//934
f 932//932 934//934 935//935
f 936//936 932//932 935//935
f 936//936 935//935 937//937
f 938//938 928//928 931//931
f 938//938 931//931 939//939
f 940//940 941//941 920//920
f 940//940 920//920 942//942
f 938//938 943//943 923//923
f 938//938 923//923 928//928
f 941//941 944//944 921//921
f 941//941 921//921 920//920
f 942//942 920//920 923//923
f 942//942 923//923 943//943
f 940//940 945//945 927//927
f 940//940 927//927 941//941
f 946//946 924//924 927//927
f 946//946 927//927 945//945
f 947//947 674//674 587//587
f 947//947 587//587 673//673
f 947//947 948//948 595//595
f 947//947 595//595 674//674
f 672//672 594//594 595//595
f 672//672 595//595 948//948
f 949//949 715//715 714//714
f 949//949 714//714 848//848
f 848//848 719//719 779//779
f 848//848 779//779 949//949
f 950//950 951//951 618//618
f 950//950 618//618 617//617
f 566//566 565//565 952//952
f 566//566 952//952 953//953
f 954//954 566//566 953//953
f 954//954 953//953 955//955
f 956//956 955//955 953//953
f 956//956 953//953 950//950
f 956//956 950//950 617//617
f 956//956 617//617 957//957
f 958//958 572//572 573//573
f 958//958 573//573 959//959
f 960//960 620//620 623//623
f 960//960 623//623 961//961
f 961//961 623//623 621//621
f 961//961 621//621 962//962
f 962//962 621//621 575//575
f 962//962 575//575 963//963
f 957//957 617//617 620//620
f 957//957 620//620 960//960
f 963//963 575//575 569//569
f 963//963 569//569 964//964
f 959//959 573//573 567//567
f 959//959 567//567 965//965
f 964//964 569//569 572//572
f 964//964 572//572 958//958
f 965//965 567//567 563//563
f 965//965 563//563 966//966
f 966//966 563//563 566//566
f 966//966 566//566 954//954
f 22//22 25//25 506//506
f 22//22 506//506 505//505
f 4//4 3//3 486//486
f 4//4 486//486 485//485
f 3//3 2//2 487//487
f 3//3 487//487 486//486
f 7//7 8//8 491//491
f 7//7 491//491 490//490
f 25//25 27//27 510//510
f 25//25 510//510 506//506
f 8//8 4//4 485//485
f 8//8 485//485 491//491
f 19//19 21//21 504//504
f 19//19 504//504 502//502
f 5//5 18//18 499//499
f 5//5 499//499 488//488
f 6//6 5//5 488//488
f 6//6 488//488 489//489
f 18//18 17//17 500//500
f 18//18 500//500 499//499
f 16//16 15//15 498//498
f 16//16 498//498 501//501
f 15//15 12//12 493//493
f 15//15 493//493 498//498
f 12//12 14//14 496//496
f 12//12 496//496 493//493
f 9//9 20//20 503//503
f 9//9 503//503 492//492
f 13//13 11//11 494//494
f 13//13 494//494 497//497
f 11//11 24//24 507//507
f 11//11 507//507 494//494
f 24//24 23//23 508//508
f 24//24 508//508 507//507
f 26//26 10//10 495//495
f 26//26 495//495 509//509
f 27//27 26//26 509//509
f 27//27 509//509 510//510
f 10//10 9//9 492//492
f 10//10 492//492 495//495
f 23//23 22//22 505//505
f 23//23 505//505 508//508
f 14//14 13//13 497//497
f 14//14 497//497 496//496
f 21//21 7//7 490//490
f 21//21 490//490 504//504
f 17//17 16//16 501//501
f 17//17 501//501 500//500
f 20//20 19//19 502//502
f 20//20 502//502 503//503
f 2//2 6//6 489//489
f 2//2 489//489 487//487
f 55//55 54//54 539//539
f 55//55 539//539 538//538
f 63//63 62//62 543//543
f 63//63 543//543 547//547
f 58//58 55//55 538//538
f 58//58 538//538 541//541
f 62//62 61//61 544//544
f 62//62 544//544 543//543
f 67//67 66//66 548//548
f 67//67 548//548 550//550
f 66//66 65//65 549//549
f 66//66 549//549 548//548
f 65//65 40//40 524//524
f 65//65 524//524 549//549
f 31//31 67//67 550//550
f 31//31 550//550 512//512
f 70//70 69//69 551//551
f 70//70 551//551 553//553
f 69//69 68//68 552//552
f 69//69 552//552 551//551
f 68//68 36//36 519//519
f 68//68 519//519 552//552
f 44//44 70//70 553//553
f 44//44 553//553 527//527
f 43//43 51//51 534//534
f 43//43 534//534 526//526
f 52//52 42//42 525//525
f 52//52 525//525 533//533
f 42//42 48//48 531//531
f 42//42 531//531 525//525
f 74//74 52//52 533//533
f 74//74 533//533 558//558
f 53//53 56//56 537//537
f 53//53 537//537 536//536
f 56//56 38//38 521//521
f 56//56 521//521 537//537
f 38//38 37//37 522//522
f 38//38 522//522 521//521
f 45//45 57//57 540//540
f 45//45 540//540 528//528
f 60//60 41//41 523//523
f 60//60 523//523 545//545
f 29//29 59//59 542//542
f 29//29 542//542 514//514
f 59//59 64//64 546//546
f 59//59 546//546 542//542
f 30//30 29//29 514//514
f 30//30 514//514 513//513
f 71//71 72//72 555//555
f 71//71 555//555 554//554
f 72//72 34//34 517//517
f 72//72 517//517 555//555
f 34//34 33//33 518//518
f 34//34 518//518 517//517
f 47//47 73//73 556//556
f 47//47 556//556 530//530
f 75//75 74//74 558//558
f 75//75 558//558 557//557
f 57//57 58//58 541//541
f 57//57 541//541 540//540
f 54//54 53//53 536//536
f 54//54 536//536 539//539
f 64//64 63//63 547//547
f 64//64 547//547 546//546
f 61//61 60//60 545//545
f 61//61 545//545 544//544
f 183//183 182//182 665//665
f 183//183 665//665 666//666
f 471//471 483//483 966//966
f 471//471 966//966 954//954
f 483//483 482//482 965//965
f 483//483 965//965 966//966
f 475//475 481//481 964//964
f 475//475 964//964 958//958
f 476//476 475//475 958//958
f 476//476 958//958 959//959
f 481//481 480//480 963//963
f 481//481 963//963 964//964
f 201//201 218//218 701//701
f 201//201 701//701 685//685
f 213//213 215//215 698//698
f 213//213 698//698 696//696
f 215//215 217//217 700//700
f 215//215 700//700 698//698
f 164//164 190//190 673//673
f 164//164 673//673 647//647
f 189//189 168//168 651//651
f 189//189 651//651 672//672
f 187//187 186//186 669//669
f 187//187 669//669 670//670
f 181//181 188//188 671//671
f 181//181 671//671 664//664
f 188//188 185//185 668//668
f 188//188 668//668 671//671
f 184//184 187//187 670//670
f 184//184 670//670 667//667
f 186//186 180//180 663//663
f 186//186 663//663 669//669
f 185//185 184//184 667//667
f 185//185 667//667 668//668
f 179//179 183//183 666//666
f 179//179 666//666 662//662
f 182//182 181//181 664//664
f 182//182 664//664 665//665
f 180//180 175//175 658//658
f 180//180 658//658 663//663
f 167//167 179//179 662//662
f 167//167 662//662 650//650
f 477//477 474//474 957//957
f 477//477 957//957 960//960
f 480//480 479//479 962//962
f 480//480 962//962 963//963
f 479//479 478//478 961//961
f 479//479 961//961 962//962
f 478//478 477//477 960//960
f 478//478 960//960 961//961
f 178//178 166//166 649//649
f 178//178 649//649 661//661
f 177//177 178//178 661//661
f 177//177 661//661 660//660
f 176//176 177//177 660//660
f 176//176 660//660 659//659
f 171//171 176//176 659//659
f 171//171 659//659 654//654
f 175//175 174//174 657//657
f 175//175 657//657 658//658
f 173//173 170//170 653//653
f 173//173 653//653 656//656
f 174//174 173//173 656//656
f 174//174 656//656 657//657
f 169//169 172//172 655//655
f 169//169 655//655 652//652
f 172//172 171//171 654//654
f 172//172 654//654 655//655
f 170//170 169//169 652//652
f 170//170 652//652 653//653
f 168//168 167//167 650//650
f 168//168 650//650 651//651
f 166//166 165//165 648//648
f 166//166 648//648 649//649
f 165//165 164//164 647//647
f 165//165 647//647 648//648
f 79//79 78//78 561//561
f 79//79 561//561 560//560
f 83//83 82//82 565//565
f 83//83 565//565 564//564
f 85//85 83//83 564//564
f 85//85 564//564 568//568
f 89//89 88//88 571//571
f 89//89 571//571 570//570
f 88//88 91//91 574//574
f 88//88 574//574 571//571
f 93//93 89//89 570//570
f 93//93 570//570 576//576
f 99//99 98//98 581//581
f 99//99 581//581 580//580
f 103//103 206//206 688//688
f 103//103 688//688 585//585
f 95//95 103//103 585//585
f 95//95 585//585 577//577
f 107//107 106//106 589//589
f 107//107 589//589 588//588
f 111//111 110//110 593//593
f 111//111 593//593 592//592
f 121//121 120//120 603//603
f 121//121 603//603 602//602
f 116//116 123//123 605//605
f 116//116 605//605 599//599
f 123//123 127//127 609//609
f 123//123 609//609 605//605
f 78//78 129//129 611//611
f 78//78 611//611 561//561
f 120//120 79//79 560//560
f 120//120 560//560 603//603
f 131//131 125//125 608//608
f 131//131 608//608 614//614
f 137//137 136//136 619//619
f 137//137 619//619 618//618
f 139//139 93//93 576//576
f 139//139 576//576 622//622
f 141//141 139//139 622//622
f 141//141 622//622 624//624
f 136//136 141//141 624//624
f 136//136 624//624 619//619
f 144//144 147//147 629//629
f 144//144 629//629 627//627
f 147//147 149//149 631//631
f 147//147 631//631 629//629
f 149//149 151//151 633//633
f 149//149 633//633 631//631
f 153//153 131//131 614//614
f 153//153 614//614 636//636
f 157//157 156//156 639//639
f 157//157 639//639 638//638
f 156//156 153//153 636//636
f 156//156 636//636 639//639
f 161//161 160//160 643//643
f 161//161 643//643 642//642
f 151//151 161//161 642//642
f 151//151 642//642 633//633
f 160//160 157//157 638//638
f 160//160 638//638 643//643
f 118//118 121//121 602//602
f 118//118 602//602 601//601
f 98//98 97//97 582//582
f 98//98 582//582 581//581
f 127//127 126//126 610//610
f 127//127 610//610 609//609
f 126//126 118//118 601//601
f 126//126 601//601 610//610
f 163//163 145//145 626//626
f 163//163 626//626 646//646
f 117//117 116//116 599//599
f 117//117 599//599 598//598
f 125//125 117//117 598//598
f 125//125 598//598 608//608
f 129//129 133//133 615//615
f 129//129 615//615 611//611
f 145//145 144//144 627//627
f 145//145 627//627 626//626
f 133//133 111//111 592//592
f 133//133 592//592 615//615
f 106//106 163//163 646//646
f 106//106 646//646 589//589
f 210//210 209//209 692//692
f 210//210 692//692 693//693
f 209//209 202//202 684//684
f 209//209 684//684 692//692
f 50//50 212//212 695//695
f 50//50 695//695 535//535
f 212//212 216//216 699//699
f 212//212 699//699 695//695
f 199//199 208//208 691//691
f 199//199 691//691 682//682
f 200//200 199//199 682//682
f 200//200 682//682 681//681
f 195//195 204//204 686//686
f 195//195 686//686 678//678
f 197//197 200//200 681//681
f 197//197 681//681 680//680
f 217//217 46//46 529//529
f 217//217 529//529 700//700
f 214//214 213//213 696//696
f 214//214 696//696 697//697
f 32//32 95//95 577//577
f 32//32 577//577 515//515
f 206//206 101//101 584//584
f 206//206 584//584 688//688
f 218//218 214//214 697//697
f 218//218 697//697 701//701
f 101//101 99//99 580//580
f 101//101 580//580 584//584
f 216//216 211//211 694//694
f 216//216 694//694 699//699
f 196//196 195//195 678//678
f 196//196 678//678 677//677
f 211//211 210//210 693//693
f 211//211 693//693 694//694
f 208//208 196//196 677//677
f 208//208 677//677 691//691
f 202//202 201//201 685//685
f 202//202 685//685 684//684
f 46//46 50//50 535//535
f 46//46 535//535 529//529
f 97//97 197//197 680//680
f 97//97 680//680 582//582
f 482//482 476//476 959//959
f 482//482 959//959 965//965
f 91//91 85//85 568//568
f 91//91 568//568 574//574
f 219//219 223//223 706//706
f 219//219 706//706 702//702
f 226//226 224//224 707//707
f 226//226 707//707 709//709
f 290//290 226//226 709//709
f 290//290 709//709 773//773
f 224//224 222//222 703//703
f 224//224 703//703 707//707
f 229//229 228//228 713//713
f 229//229 713//713 712//712
f 368//368 315//315 798//798
f 368//368 798//798 852//852
f 315//315 310//310 793//793
f 315//315 793//793 798//798
f 309//309 313//313 796//796
f 309//309 796//796 792//792
f 312//312 314//314 797//797
f 312//312 797//797 795//795
f 313//313 312//312 795//795
f 313//313 795//795 796//796
f 342//342 367//367 850//850
f 342//342 850//850 825//825
f 319//319 318//318 801//801
f 319//319 801//801 802//802
f 330//330 341//341 824//824
f 330//330 824//824 813//813
f 317//317 316//316 799//799
f 317//317 799//799 800//800
f 329//329 331//331 814//814
f 329//329 814//814 812//812
f 326//326 325//325 808//808
f 326//326 808//808 809//809
f 324//324 323//323 806//806
f 324//324 806//806 807//807
f 322//322 321//321 804//804
f 322//322 804//804 805//805
f 320//320 373//373 856//856
f 320//320 856//856 803//803
f 355//355 220//220 705//705
f 355//355 705//705 839//839
f 239//239 370//370 853//853
f 239//239 853//853 722//722
f 240//240 239//239 722//722
f 240//240 722//722 721//721
f 244//244 243//243 726//726
f 244//244 726//726 725//725
f 248//248 247//247 730//730
f 248//248 730//730 729//729
f 247//247 244//244 725//725
f 247//247 725//725 730//730
f 336//336 344//344 827//827
f 336//336 827//827 819//819
f 251//251 270//270 751//751
f 251//251 751//751 734//734
f 287//287 274//274 755//755
f 287//287 755//755 770//770
f 269//269 278//278 759//759
f 269//269 759//759 752//752
f 277//277 284//284 766//766
f 277//277 766//766 760//760
f 372//372 288//288 769//769
f 372//372 769//769 854//854
f 273//273 272//272 757//757
f 273//273 757//757 756//756
f 292//292 297//297 780//780
f 292//292 780//780 777//777
f 291//291 299//299 782//782
f 291//291 782//782 774//774
f 297//297 296//296 778//778
f 297//297 778//778 780//780
f 233//233 236//236 717//717
f 233//233 717//717 716//716
f 296//296 295//295 779//779
f 296//296 779//779 778//778
f 299//299 300//300 783//783
f 299//299 783//783 782//782
f 293//293 292//292 777//777
f 293//293 777//777 776//776
f 236//236 235//235 718//718
f 236//236 718//718 717//717
f 235//235 298//298 781//781
f 235//235 781//781 718//718
f 298//298 291//291 774//774
f 298//298 774//774 781//781
f 304//304 308//308 791//791
f 304//304 791//791 787//787
f 307//307 306//306 789//789
f 307//307 789//789 788//788
f 306//306 309//309 792//792
f 306//306 792//792 789//789
f 243//243 311//311 794//794
f 243//243 794//794 726//726
f 310//310 307//307 788//788
f 310//310 788//788 793//793
f 308//308 240//240 721//721
f 308//308 721//721 791//791
f 311//311 305//305 790//790
f 311//311 790//790 794//794
f 305//305 304//304 787//787
f 305//305 787//787 790//790
f 332//332 319//319 802//802
f 332//332 802//802 815//815
f 256//256 255//255 738//738
f 256//256 738//738 737//737
f 253//253 256//256 737//737
f 253//253 737//737 736//736
f 318//318 317//317 800//800
f 318//318 800//800 801//801
f 274//274 273//273 756//756
f 274//274 756//756 755//755
f 272//272 253//253 736//736
f 272//272 736//736 757//757
f 341//341 340//340 823//823
f 341//341 823//823 824//824
f 252//252 251//251 734//734
f 252//252 734//734 733//733
f 345//345 326//326 809//809
f 345//345 809//809 828//828
f 225//225 289//289 772//772
f 225//225 772//772 708//708
f 323//323 347//347 829//829
f 323//323 829//829 806//806
f 360//360 355//355 839//839
f 360//360 839//839 842//842
f 352//352 303//303 786//786
f 352//352 786//786 833//833
f 354//354 353//353 837//837
f 354//354 837//837 836//836
f 228//228 354//354 836//836
f 228//228 836//836 713//713
f 376//376 349//349 832//832
f 376//376 832//832 859//859
f 300//300 362//362 844//844
f 300//300 844//844 783//783
f 259//259 280//280 762//762
f 259//259 762//762 742//742
f 282//282 264//264 745//745
f 282//282 745//745 765//765
f 303//303 301//301 784//784
f 303//303 784//784 786//786
f 221//221 356//356 838//838
f 221//221 838//838 704//704
f 348//348 282//282 765//765
f 348//348 765//765 831//831
f 357//357 348//348 831//831
f 357//357 831//831 841//841
f 347//347 358//358 840//840
f 347//347 840//840 829//829
f 358//358 360//360 842//842
f 358//358 842//842 840//840
f 354//354 345//345 828//828
f 354//354 828//828 836//836
f 363//363 293//293 776//776
f 363//363 776//776 846//846
f 289//289 363//363 846//846
f 289//289 846//846 772//772
f 263//263 337//337 818//818
f 263//263 818//818 746//746
f 266//266 260//260 741//741
f 266//266 741//741 748//748
f 366//366 338//338 821//821
f 366//366 821//821 849//849
f 339//339 333//333 816//816
f 339//339 816//816 822//822
f 367//367 366//366 849//849
f 367//367 849//849 850//850
f 338//338 324//324 807//807
f 338//338 807//807 821//821
f 333//333 332//332 815//815
f 333//333 815//815 816//816
f 325//325 339//339 822//822
f 325//325 822//822 808//808
f 337//337 336//336 819//819
f 337//337 819//819 818//818
f 264//264 263//263 746//746
f 264//264 746//746 745//745
f 255//255 266//266 748//748
f 255//255 748//748 738//738
f 260//260 259//259 742//742
f 260//260 742//742 741//741
f 284//284 248//248 729//729
f 284//284 729//729 766//766
f 314//314 322//322 805//805
f 314//314 805//805 797//797
f 370//370 372//372 854//854
f 370//370 854//854 853//853
f 373//373 368//368 852//852
f 373//373 852//852 856//856
f 316//316 320//320 803//803
f 316//316 803//803 799//799
f 288//288 287//287 770//770
f 288//288 770//770 769//769
f 321//321 329//329 812//812
f 321//321 812//812 804//804
f 278//278 277//277 760//760
f 278//278 760//760 759//759
f 331//331 330//330 813//813
f 331//331 813//813 814//814
f 270//270 269//269 752//752
f 270//270 752//752 751//751
f 340//340 342//342 825//825
f 340//340 825//825 823//823
f 344//344 252//252 733//733
f 344//344 733//733 827//827
f 220//220 219//219 702//702
f 220//220 702//702 705//705
f 223//223 225//225 708//708
f 223//223 708//708 706//706
f 356//356 359//359 843//843
f 356//356 843//843 838//838
f 222//222 221//221 704//704
f 222//222 704//704 703//703
f 362//362 290//290 773//773
f 362//362 773//773 844//844
f 359//359 357//357 841//841
f 359//359 841//841 843//843
f 353//353 375//375 858//858
f 353//353 858//858 837//837
f 349//349 352//352 833//833
f 349//349 833//833 832//832
f 377//377 314//314 797//797
f 377//377 797//797 861//861
f 248//248 379//379 862//862
f 248//248 862//862 729//729
f 382//382 381//381 863//863
f 382//382 863//863 865//865
f 381//381 380//380 864//864
f 381//381 864//864 863//863
f 380//380 377//377 861//861
f 380//380 861//861 864//864
f 379//379 382//382 865//865
f 379//379 865//865 862//862
f 383//383 354//354 836//836
f 383//383 836//836 867//867
f 352//352 385//385 868//868
f 352//352 868//868 833//833
f 404//404 407//407 888//888
f 404//404 888//888 887//887
f 407//407 409//409 892//892
f 407//407 892//892 888//888
f 397//397 392//392 877//877
f 397//397 877//877 881//881
f 392//392 391//391 874//874
f 392//392 874//874 877//877
f 396//396 398//398 880//880
f 396//396 880//880 879//879
f 393//393 395//395 878//878
f 393//393 878//878 876//876
f 395//395 399//399 882//882
f 395//395 882//882 878//878
f 394//394 393//393 876//876
f 394//394 876//876 875//875
f 399//399 328//328 810//810
f 399//399 810//810 882//882
f 391//391 394//394 875//875
f 391//391 875//875 874//874
f 398//398 397//397 881//881
f 398//398 881//881 880//880
f 400//400 390//390 873//873
f 400//400 873//873 884//884
f 390//390 403//403 886//886
f 390//390 886//886 873//873
f 401//401 400//400 884//884
f 401//401 884//884 883//883
f 389//389 402//402 885//885
f 389//389 885//885 872//872
f 403//403 376//376 859//859
f 403//403 859//859 886//886
f 402//402 363//363 846//846
f 402//402 846//846 885//885
f 362//362 401//401 883//883
f 362//362 883//883 844//844
f 375//375 389//389 872//872
f 375//375 872//872 858//858
f 386//386 387//387 870//870
f 386//386 870//870 869//869
f 387//387 406//406 889//889
f 387//387 889//889 870//870
f 406//406 405//405 890//890
f 406//406 890//890 889//889
f 408//408 388//388 871//871
f 408//408 871//871 891//891
f 409//409 408//408 891//891
f 409//409 891//891 892//892
f 388//388 383//383 867//867
f 388//388 867//867 871//871
f 385//385 386//386 869//869
f 385//385 869//869 868//868
f 405//405 404//404 887//887
f 405//405 887//887 890//890
f 420//420 419//419 904//904
f 420//420 904//904 903//903
f 414//414 417//417 898//898
f 414//414 898//898 897//897
f 419//419 429//429 912//912
f 419//419 912//912 904//904
f 436//436 414//414 897//897
f 436//436 897//897 919//919
f 427//427 426//426 909//909
f 427//427 909//909 910//910
f 425//425 424//424 907//907
f 425//425 907//907 906//906
f 424//424 423//423 908//908
f 424//424 908//908 907//907
f 422//422 425//425 906//906
f 422//422 906//906 905//905
f 423//423 427//427 910//910
f 423//423 910//910 908//908
f 426//426 422//422 905//905
f 426//426 905//905 909//909
f 428//428 433//433 916//916
f 428//428 916//916 911//911
f 411//411 418//418 901//901
f 411//411 901//901 896//896
f 418//418 421//421 902//902
f 418//418 902//902 901//901
f 412//412 411//411 896//896
f 412//412 896//896 895//895
f 433//433 431//431 915//915
f 433//433 915//915 916//916
f 429//429 428//428 911//911
f 429//429 911//911 912//912
f 421//421 420//420 903//903
f 421//421 903//903 902//902
f 413//413 412//412 895//895
f 413//413 895//895 894//894
f 415//415 432//432 914//914
f 415//415 914//914 900//900
f 432//432 434//434 917//917
f 432//432 917//917 914//914
f 416//416 415//415 900//900
f 416//416 900//900 899//899
f 430//430 435//435 918//918
f 430//430 918//918 913//913
f 435//435 436//436 919//919
f 435//435 919//919 918//918
f 434//434 413//413 894//894
f 434//434 894//894 917//917
f 417//417 416//416 899//899
f 417//417 899//899 898//898
f 431//431 430//430 913//913
f 431//431 913//913 915//915
f 447//447 446//446 931//931
f 447//447 931//931 930//930
f 441//441 444//444 925//925
f 441//441 925//925 924//924
f 446//446 456//456 939//939
f 446//446 939//939 931//931
f 463//463 441//441 924//924
f 463//463 924//924 946//946
f 454//454 453//453 936//936
f 454//454 936//936 937//937
f 452//452 451//451 934//934
f 452//452 934//934 933//933
f 451//451 450//450 935//935
f 451//451 935//935 934//934
f 449//449 452//452 933//933
f 449//449 933//933 932//932
f 450//450 454//454 937//937
f 450//450 937//937 935//935
f 453//453 449//449 932//932
f 453//453 932//932 936//936
f 455//455 460//460 943//943
f 455//455 943//943 938//938
f 438//438 445//445 928//928
f 438//438 928//928 923//923
f 445//445 448//448 929//929
f 445//445 929//929 928//928
f 439//439 438//438 923//923
f 439//439 923//923 922//922
f 460//460 458//458 942//942
f 460//460 942//942 943//943
f 456//456 455//455 938//938
f 456//456 938//938 939//939
f 448//448 447//447 930//930
f 448//448 930//930 929//929
f 440//440 439//439 922//922
f 440//440 922//922 921//921
f 442//442 459//459 941//941
f 442//442 941//941 927//927
f 459//459 461//461 944//944
f 459//459 944//944 941//941
f 443//443 442//442 927//927
f 443//443 927//927 926//926
f 457//457 462//462 945//945
f 457//457 945//945 940//940
f 462//462 463//463 946//946
f 462//462 946//946 945//945
f 461//461 440//440 921//921
f 461//461 921//921 944//944
f 444//444 443//443 926//926
f 444//444 926//926 925//925
f 458//458 457//457 940//940
f 458//458 940//940 942//942
f 113//113 112//112 595//595
f 113//113 595//595 596//596
f 112//112 192//192 674//674
f 112//112 674//674 595//595
f 192//192 191//191 675//675
f 192//192 675//675 674//674
f 464//464 465//465 948//948
f 464//464 948//948 947//947
f 465//465 189//189 672//672
f 465//465 672//672 948//948
f 190//190 464//464 947//947
f 190//190 947//947 673//673
f 110//110 113//113 596//596
f 110//110 596//596 593//593
f 191//191 107//107 588//588
f 191//191 588//588 675//675
f 232//232 365//365 848//848
f 232//232 848//848 714//714
f 365//365 364//364 847//847
f 365//365 847//847 848//848
f 302//302 232//232 714//714
f 302//302 714//714 785//785
f 466//466 231//231 715//715
f 466//466 715//715 949//949
f 295//295 466//466 949//949
f 295//295 949//949 779//779
f 231//231 229//229 712//712
f 231//231 712//712 715//715
f 364//364 233//233 716//716
f 364//364 716//716 847//847
f 301//301 302//302 785//785
f 301//301 785//785 784//784
f 473//473 472//472 955//955
f 473//473 955//955 956//956
f 467//467 468//468 951//951
f 467//467 951//951 950//950
f 472//472 471//471 954//954
f 472//472 954//954 955//955
f 82//82 470//470 952//952
f 82//82 952//952 565//565
f 474//474 473//473 956//956
f 474//474 956//956 957//957
f 468//468 137//137 618//618
f 468//468 618//618 951//951
f 470//470 469//469 953//953
f 470//470 953//953 952//952
f 469//469 467//467 950//950
f 469//469 950//950 953//953
f 51//51 50//50 535//535
f 51//51 535//535 534//534
f 48//48 31//31 512//512
f 48//48 512//512 531//531
f 40//40 43//43 526//526
f 40//40 526//526 524//524
f 44//44 45//45 528//528
f 44//44 528//528 527//527
f 37//37 36//36 519//519
f 37//37 519//519 522//522
f 31//31 30//30 513//513
f 31//31 513//513 512//512
f 41//41 40//40 524//524
f 41//41 524//524 523//523
f 33//33 32//32 515//515
f 33//33 515//515 518//518
f 36//36 71//71 554//554
f 36//36 554//554 519//519
f 46//46 47//47 530//530
f 46//46 530//530 529//529
f 73//73 44//44 527//527
f 73//73 527//527 556//556
f 204//204 75//75 557//557
f 204//204 557//557 686//686
f 75//75 32//32 515//515
f 75//75 515//515 557//557
f 280//280 328//328 810//810
f 280//280 810//810 762//762
f 328//328 352//352 833//833
f 328//328 833//833 810//810
f 345//345 396//396 879//879
f 345//345 879//879 828//828
f 967//967 968//968 969//969
f 967//967 969//969 970//970
f 971//971 972//972 973//973
f 971//971 973//973 974//974
f 975//975 976//976 977//977
f 975//975 977//977 978//978
f 979//979 980//980 981//981
f 979//979 981//981 982//982
f 977//977 983//983 984//984
f 977//977 984//984 978//978
f 983//983 977//977 982//982
f 983//983 982//982 981//981
f 985//985 986//986 979//979
f 985//985 979//979 982//982
f 987//987 988//988 989//989
f 987//987 989//989 990//990
f 991//991 992//992 990//990
f 991//991 990//990 989//989
f 993//993 994//994 995//995
f 993//993 995//995 996//996
f 989//989 988//988 997//997
f 989//989 997//997 998//998
f 999//999 996//996 1000//1000
f 999//999 1000//1000 1001//1001
f 996//996 995//995 1002//1002
f 996//996 1002//1002 1000//1000
f 1003//1003 993//993 996//996
f 1003//1003 996//996 999//999
f 993//993 1003//1003 1004//1004
f 993//993 1004//1004 998//998
f 991//991 989//989 998//998
f 991//991 998//998 1004//1004
f 1005//1005 1006//1006 1007//1007
f 1005//1005 1007//1007 1008//1008
f 1009//1009 1010//1010 1011//1011
f 1009//1009 1011//1011 1012//1012
f 1013//1013 1014//1014 1015//1015
f 1013//1013 1015//1015 1016//1016
f 1017//1017 1018//1018 1019//1019
f 1017//1017 1019//1019 1020//1020
f 1015//1015 1014//1014 1021//1021
f 1015//1015 1021//1021 1022//1022
f 1022//1022 1019//1019 1018//1018
f 1022//1022 1018//1018 1015//1015
f 1023//1023 1018//1018 1017//1017
f 1023//1023 1017//1017 1024//1024
f 1025//1025 1026//1026 1027//1027
f 1025//1025 1027//1027 1028//1028
f 1029//1029 1027//1027 1026//1026
f 1029//1029 1026//1026 1030//1030
f 1031//1031 1032//1032 1033//1033
f 1031//1031 1033//1033 1034//1034
f 1027//1027 1035//1035 1036//1036
f 1027//1027 1036//1036 1028//1028
f 1037//1037 1038//1038 1039//1039
f 1037//1037 1039//1039 1032//1032
f 1032//1032 1039//1039 1040//1040
f 1032//1032 1040//1040 1033//1033
f 1041//1041 1037//1037 1032//1032
f 1041//1041 1032//1032 1031//1031
f 1031//1031 1035//1035 1042//1042
f 1031//1031 1042//1042 1041//1041
f 1029//1029 1042//1042 1035//1035
f 1029//1029 1035//1035 1027//1027
f 967//967 970//970 1006//1006
f 967//967 1006//1006 1005//1005
f 969//969 968//968 1008//1008
f 969//969 1008//1008 1007//1007
f 968//968 967//967 1005//1005
f 968//968 1005//1005 1008//1008
f 970//970 969//969 1007//1007
f 970//970 1007//1007 1006//1006
f 971//971 974//974 1010//1010
f 971//971 1010//1010 1009//1009
f 973//973 972//972 1012//1012
f 973//973 1012//1012 1011//1011
f 972//972 971//971 1009//1009
f 972//972 1009//1009 1012//1012
f 974//974 973//973 1011//1011
f 974//974 1011//1011 1010//1010
f 979//979 986//986 1024//1024
f 979//979 1024//1024 1017//1017
f 980//980 979//979 1017//1017
f 980//980 1017//1017 1020//1020
f 975//975 978//978 1014//1014
f 975//975 1014//1014 1013//1013
f 978//978 984//984 1021//1021
f 978//978 1021//1021 1014//1014
f 985//985 982//982 1018//1018
f 985//985 1018//1018 1023//1023
f 982//982 977//977 1015//1015
f 982//982 1015//1015 1018//1018
f 977//977 976//976 1016//1016
f 977//977 1016//1016 1015//1015
f 983//983 981//981 1019//1019
f 983//983 1019//1019 1022//1022
f 986//986 985//985 1023//1023
f 986//986 1023//1023 1024//1024
f 984//984 983//983 1022//1022
f 984//984 1022//1022 1021//1021
f 981//981 980//980 1020//1020
f 981//981 1020//1020 1019//1019
f 976//976 975//975 1013//1013
f 976//976 1013//1013 1016//1016
f 987//987 990//990 1026//1026
f 987//987 1026//1026 1025//1025
f 990//990 992//992 1030//1030
f 990//990 1030//1030 1026//1026
f 988//988 987//987 1025//1025
f 988//988 1025//1025 1028//1028
f 992//992 991//991 1029//1029
f 992//992 1029//1029 1030//1030
f 1000//1000 1002//1002 1040//1040
f 1000//1000 1040//1040 1039//1039
f 1001//1001 1000//1000 1039//1039
f 1001//1001 1039//1039 1038//1038
f 999//999 1001//1001 1038//1038
f 999//999 1038//1038 1037//1037
f 1002//1002 995//995 1033//1033
f 1002//1002 1033//1033 1040//1040
f 994//994 993//993 1031//1031
f 994//994 1031//1031 1034//1034
f 993//993 998//998 1035//1035
f 993//993 1035//1035 1031//1031
f 998//998 997//997 1036//1036
f 998//998 1036//1036 1035//1035
f 1004//1004 1003//1003 1041//1041
f 1004//1004 1041//1041 1042//1042
f 991//991 1004//1004 1042//1042
f 991//991 1042//1042 1029//1029
f 1003//1003 999//999 1037//1037
f 1003//1003 1037//1037 1041//1041
f 995//995 994//994 1034//1034
f 995//995 1034//1034 1033//1033
f 997//997 988//988 1028//1028
f 997//997 1028//1028 1036//1036
